Names,PC_R1,PC_R2,PC_R3,Mean,Std. Dev.
215,0.5,,28.7,14.6,20.0
216,2.4,,30.5,16.5,19.9
217,3.9,,35.2,19.6,22.1
218,5.4,,39.1,22.3,23.8
219,11.1,,43.2,27.1,22.7
220,16.2,,47.8,32.0,22.4
221,20.9,,51.5,36.2,21.6
222,25.2,,55.0,40.1,21.1
223,28.9,,58.9,43.9,21.2
224,34.4,,62.2,48.3,19.7
225,38.3,,65.9,52.1,19.6
226,42.9,,70.1,56.5,19.2
227,46.4,,73.9,60.2,19.4
228,50.6,,77.4,64.0,18.9
229,55.6,,82.3,68.9,18.9
230,60.1,,89.2,74.6,20.6
231,63.1,,94.2,78.6,22.0
232,68.5,,97.8,83.2,20.8
233,73.2,,104.2,88.7,21.9
234,77.1,,109.7,93.4,23.0
235,81.2,,112.6,96.9,22.2
236,88.3,,119.4,103.8,22.0
237,92.4,13.8,123.7,76.6,56.6
238,100.1,15.1,129.0,81.4,59.2
239,102.7,20.0,134.3,85.7,59.0
240,108.8,24.1,139.3,90.8,59.7
241,111.8,28.2,144.8,94.9,60.1
242,117.5,32.0,141.7,97.1,57.6
243,121.8,34.7,150.2,102.3,60.2
244,125.3,41.5,156.2,107.7,59.4
245,128.2,46.3,163.7,112.7,60.2
246,135.3,50.7,168.5,118.2,60.8
247,141.9,54.7,174.5,123.7,61.9
248,145.0,60.7,180.7,128.8,61.6
249,146.9,64.1,186.4,132.5,62.4
250,149.5,68.1,191.0,136.2,62.5
251,151.8,71.6,201.8,141.7,65.7
252,161.1,78.5,208.3,149.3,65.7
253,163.1,82.6,217.7,154.5,68.0
254,169.1,87.6,223.3,160.0,68.3
255,177.7,92.6,230.7,167.0,69.7
256,184.5,96.2,242.6,174.5,73.7
257,186.7,100.1,250.7,179.2,75.6
258,192.8,106.5,250.8,183.4,72.6
259,205.0,111.6,261.0,192.5,75.5
260,208.3,115.7,262.1,195.4,74.0
261,213.5,121.7,274.2,203.1,76.8
262,219.3,125.5,281.8,208.9,78.7
263,223.7,132.8,288.2,214.9,78.1
264,229.4,137.2,295.7,220.8,79.6
265,245.3,143.2,295.8,228.1,77.7
266,246.1,149.4,308.4,234.6,80.1
267,249.7,156.4,316.0,240.7,80.1
268,252.1,162.5,326.4,247.0,82.1
269,256.7,169.2,332.3,252.7,81.6
270,272.9,172.1,329.3,258.1,79.7
271,274.6,185.1,334.4,264.7,75.1
272,275.1,190.5,346.6,270.7,78.2
273,285.8,197.8,349.1,277.6,76.0
274,289.0,205.2,349.0,281.1,72.2
275,299.3,212.5,361.5,291.1,74.9
276,297.8,215.5,365.8,293.0,75.2
277,308.7,225.7,373.1,302.5,73.9
278,318.6,232.2,381.2,310.7,74.9
279,324.3,241.9,371.1,312.4,65.4
280,320.0,250.9,387.2,319.4,68.1
281,334.7,252.6,394.0,327.1,71.0
282,337.5,263.3,396.5,332.5,66.7
283,337.7,264.3,405.7,335.9,70.7
284,349.9,269.5,404.3,341.2,67.8
285,354.0,277.2,407.2,346.1,65.4
286,367.5,276.5,412.7,352.2,69.4
287,361.5,291.6,420.2,357.8,64.4
288,373.1,295.1,429.6,365.9,67.5
289,376.4,298.3,434.2,369.7,68.2
290,375.8,301.5,431.6,369.6,65.3
291,387.0,311.9,428.9,376.0,59.3
292,390.0,313.7,448.9,384.2,67.8
293,389.5,315.8,442.8,382.7,63.8
294,396.4,325.7,439.4,387.2,57.4
295,398.6,324.8,443.8,389.1,60.1
296,398.2,346.6,457.6,400.8,55.6
297,390.6,342.1,450.3,394.3,54.2
298,404.7,356.4,457.6,406.3,50.6
299,409.5,349.4,454.9,404.6,52.9
300,406.1,354.4,458.8,406.4,52.2
301,420.2,360.9,463.8,415.0,51.7
302,409.5,367.4,451.2,409.4,41.9
303,417.2,377.3,477.5,424.0,50.4
304,414.6,375.2,469.8,419.9,47.5
305,416.9,385.5,468.1,423.5,41.7
306,413.7,379.2,462.6,418.5,41.9
307,420.1,383.1,477.2,426.8,47.4
308,420.3,395.3,465.9,427.2,35.8
309,417.7,400.0,465.0,427.5,33.6
310,419.7,398.7,471.4,429.9,37.4
311,419.0,422.4,468.2,436.5,27.5
312,418.1,412.0,456.5,428.9,24.2
313,417.7,416.9,464.7,433.1,27.4
314,418.0,415.4,469.8,434.4,30.7
315,418.0,420.4,473.2,437.2,31.2
316,434.7,430.1,467.2,444.0,20.2
317,428.5,431.9,470.8,443.7,23.5
318,428.6,433.6,468.3,443.5,21.6
319,429.4,435.4,461.1,442.0,16.8
320,425.0,434.5,481.7,447.1,30.4
321,429.5,435.0,467.6,444.0,20.6
322,439.5,435.3,469.0,448.0,18.4
323,422.0,436.5,460.3,439.6,19.4
324,432.8,441.5,466.0,446.8,17.2
325,427.5,452.9,463.7,448.0,18.6
326,429.8,456.4,471.8,452.7,21.2
327,431.8,459.5,472.0,454.4,20.6
328,426.1,449.9,464.0,446.6,19.1
329,432.5,459.9,478.1,456.8,23.0
330,432.2,463.5,474.2,456.6,21.8
331,430.1,455.5,479.2,454.9,24.5
332,437.9,464.0,462.4,454.8,14.6
333,433.2,464.8,472.8,456.9,20.9
334,434.5,472.8,470.3,459.2,21.4
335,428.0,478.8,475.5,460.7,28.4
336,437.3,458.8,466.5,454.2,15.2
337,432.4,472.6,467.4,457.5,21.9
338,440.6,471.1,461.0,457.6,15.6
339,426.8,468.8,479.1,458.2,27.7
340,432.4,470.4,475.6,459.5,23.6
341,428.0,468.6,460.1,452.2,21.4
342,434.5,467.4,464.2,455.4,18.1
343,433.6,479.6,467.5,460.2,23.8
344,428.0,479.6,476.2,461.3,28.9
345,429.5,483.9,467.7,460.4,28.0
346,435.4,469.2,456.5,453.7,17.1
347,426.3,482.1,460.8,456.4,28.2
348,429.4,474.6,461.0,455.0,23.2
349,424.6,484.0,465.2,457.9,30.4
350,427.8,474.2,472.7,458.2,26.3
351,427.2,480.5,471.7,459.8,28.6
352,431.5,489.7,466.9,462.7,29.3
353,422.9,478.4,455.8,452.4,27.9
354,437.9,493.7,476.4,469.3,28.6
355,423.9,502.7,455.1,460.6,39.7
356,430.5,481.2,459.8,457.1,25.4
357,423.4,488.4,456.5,456.1,32.5
358,424.1,479.9,454.7,452.9,27.9
359,426.1,495.7,456.7,459.5,34.9
360,430.7,484.0,464.4,459.7,27.0
361,432.6,482.8,459.3,458.2,25.1
362,431.7,481.3,468.7,460.6,25.8
363,427.4,495.7,453.2,458.8,34.5
364,425.4,488.7,457.7,457.3,31.6
365,421.8,487.9,461.3,457.0,33.3
366,407.8,488.3,461.8,452.6,41.1
367,413.6,493.0,457.5,454.7,39.8
368,426.0,490.1,462.3,459.5,32.1
369,428.9,487.7,456.7,457.8,29.4
370,433.4,491.3,461.2,461.9,28.9
371,422.8,487.6,465.7,458.7,33.0
372,431.6,499.8,459.6,463.6,34.3
373,433.6,490.2,462.5,462.1,28.3
374,425.1,476.5,462.1,454.6,26.5
375,440.1,493.5,462.4,465.3,26.8
376,424.7,493.3,461.3,459.8,34.3
377,436.8,488.9,462.5,462.7,26.1
378,433.7,490.4,455.5,459.9,28.6
379,431.2,472.5,478.1,460.6,25.6
380,433.7,481.8,465.4,460.3,24.4
381,437.2,485.2,472.0,464.8,24.8
382,446.5,484.1,462.9,464.5,18.9
383,427.1,495.7,459.7,460.8,34.3
384,436.9,490.5,463.8,463.7,26.8
385,426.3,483.1,464.7,458.1,29.0
386,440.8,490.4,476.4,469.2,25.6
387,443.6,482.5,473.3,466.5,20.3
388,448.3,492.4,476.3,472.4,22.3
389,433.3,478.3,464.5,458.7,23.0
390,449.2,502.3,483.2,478.2,26.9
391,444.5,490.9,481.1,472.2,24.4
392,445.6,490.9,473.1,469.9,22.8
393,444.9,488.1,478.2,470.4,22.6
394,442.3,497.3,481.4,473.7,28.3
395,448.4,486.1,489.7,474.7,22.9
396,456.7,485.4,487.9,476.7,17.3
397,453.9,492.2,478.5,474.9,19.4
398,457.6,485.8,475.7,473.0,14.2
399,440.0,477.9,475.1,464.3,21.1
400,443.4,494.9,475.3,471.2,26.0
401,439.6,478.5,484.7,467.6,24.4
402,449.2,490.7,479.6,473.2,21.5
403,441.4,486.0,494.9,474.1,28.7
404,453.4,486.3,483.0,474.2,18.1
405,461.1,488.3,488.7,479.4,15.8
406,454.1,485.7,497.3,479.0,22.3
407,453.3,493.8,486.1,477.7,21.6
408,451.5,495.7,488.3,478.5,23.6
409,452.9,498.6,509.2,486.9,29.9
410,451.5,494.2,485.4,477.0,22.6
411,457.6,480.2,487.3,475.0,15.5
412,459.9,496.2,498.4,484.8,21.6
413,451.1,488.8,501.0,480.3,26.0
414,461.0,488.0,508.7,485.9,23.9
415,451.6,501.5,495.7,482.9,27.3
416,462.2,495.5,494.1,483.9,18.8
417,453.2,502.8,508.9,488.3,30.5
418,457.4,499.1,501.4,486.0,24.7
419,457.5,488.0,510.3,485.3,26.5
420,457.8,508.3,512.6,492.9,30.5
421,449.6,498.5,500.0,482.7,28.7
422,456.3,492.0,508.5,485.6,26.7
423,460.1,510.3,513.3,494.5,29.9
424,461.5,504.2,520.7,495.5,30.6
425,461.4,507.4,513.0,493.9,28.3
426,461.0,493.8,516.1,490.3,27.7
427,468.1,498.7,516.3,494.3,24.4
428,467.4,503.3,519.4,496.7,26.6
429,457.6,509.3,522.0,496.3,34.1
430,464.3,498.4,511.7,491.5,24.4
431,458.7,511.0,512.7,494.1,30.7
432,470.1,491.7,519.6,493.8,24.8
433,464.4,506.3,514.2,495.0,26.7
434,470.4,502.6,517.4,496.8,24.0
435,475.8,499.8,522.8,499.4,23.5
436,478.4,496.2,511.1,495.2,16.4
437,475.3,507.0,523.6,502.0,24.6
438,479.8,509.5,514.9,501.4,18.9
439,468.9,502.6,522.5,498.0,27.1
440,488.0,502.6,505.5,498.7,9.4
441,472.9,501.9,518.7,497.9,23.2
442,482.3,496.6,520.7,499.9,19.4
443,483.0,493.2,528.3,501.5,23.8
444,472.8,498.9,517.9,496.5,22.6
445,478.6,497.0,516.7,497.5,19.0
446,485.1,499.7,517.8,500.9,16.4
447,478.6,498.6,520.4,499.2,20.9
448,482.4,499.4,536.1,506.0,27.5
449,479.9,502.4,529.6,504.0,24.9
450,474.7,501.8,531.9,502.8,28.6
451,492.1,501.9,521.4,505.1,14.9
452,490.5,495.7,526.7,504.3,19.6
453,482.1,498.7,533.2,504.6,26.1
454,481.2,507.2,533.2,507.2,26.0
455,477.8,510.5,520.3,502.9,22.3
456,482.8,498.2,532.2,504.4,25.3
457,484.5,504.8,528.3,505.9,21.9
458,487.2,496.4,536.7,506.7,26.4
459,491.1,492.0,535.8,506.3,25.5
460,496.9,498.2,538.0,511.0,23.4
461,495.3,486.9,521.3,501.2,17.9
462,496.3,496.5,528.2,507.0,18.4
463,494.3,494.4,539.0,509.2,25.8
464,509.3,497.9,542.1,516.4,22.9
465,504.9,509.7,535.3,516.6,16.3
466,493.4,502.9,523.0,506.4,15.2
467,501.5,498.4,528.6,509.5,16.6
468,501.0,506.9,530.2,512.7,15.5
469,505.2,497.7,533.8,512.2,19.0
470,501.8,482.5,527.1,503.8,22.3
471,497.8,498.1,530.6,508.8,18.8
472,494.5,510.4,530.4,511.8,18.0
473,510.9,491.3,526.2,509.5,17.5
474,502.3,486.3,518.1,502.3,15.9
475,497.2,492.4,532.3,507.3,21.8
476,511.5,496.3,534.3,514.0,19.1
477,503.4,493.9,525.8,507.7,16.4
478,517.1,506.1,522.8,515.4,8.5
479,503.4,497.7,524.1,508.4,13.9
480,498.6,487.0,541.2,508.9,28.5
481,512.1,490.0,527.0,509.7,18.6
482,505.0,485.3,528.1,506.2,21.4
483,510.2,484.1,516.8,503.7,17.3
484,517.0,492.5,528.4,512.7,18.4
485,516.0,484.9,526.7,509.2,21.7
486,530.5,486.3,530.8,515.9,25.6
487,517.6,487.6,532.5,512.6,22.9
488,503.2,488.7,525.3,505.7,18.4
489,507.5,484.6,525.6,505.9,20.5
490,526.5,489.7,534.4,516.8,23.9
491,511.8,480.7,550.5,514.4,35.0
492,517.5,488.8,557.3,521.2,34.4
493,498.6,473.6,541.9,504.7,34.6
494,522.7,482.9,533.9,513.1,26.8
495,520.2,491.4,538.5,516.7,23.7
496,504.7,489.0,544.9,512.9,28.8
497,502.6,488.1,542.0,510.9,27.8
498,523.6,485.6,538.0,515.8,27.1
499,520.7,490.3,545.5,518.8,27.6
500,518.8,493.3,539.5,517.2,23.2
501,515.7,484.4,549.1,516.4,32.3
502,529.0,485.0,538.0,517.3,28.4
503,506.8,492.1,538.1,512.3,23.5
504,528.7,485.4,535.2,516.4,27.1
505,523.7,483.8,536.4,514.7,27.4
506,518.1,500.3,539.1,519.2,19.4
507,521.9,488.9,521.7,510.8,19.0
508,524.0,478.8,538.1,513.6,31.0
509,524.2,486.8,520.5,510.5,20.6
510,527.1,491.7,521.5,513.4,19.0
511,528.6,490.3,535.4,518.1,24.3
512,524.3,492.6,528.5,515.1,19.6
513,524.1,487.1,513.8,508.3,19.1
514,526.6,499.3,523.4,516.4,15.0
515,537.0,492.3,518.4,515.9,22.5
516,523.1,493.7,519.5,512.1,16.0
517,529.7,502.7,524.9,519.1,14.4
518,527.3,505.2,521.7,518.1,11.4
519,531.2,490.1,506.8,509.4,20.7
520,535.1,497.9,518.5,517.1,18.6
521,528.4,499.3,509.5,512.4,14.8
522,529.1,494.7,522.1,515.3,18.2
523,537.6,495.3,493.1,508.7,25.1
524,531.4,489.9,507.7,509.6,20.8
525,522.9,504.4,505.8,511.0,10.3
526,523.0,499.5,507.5,510.0,11.9
527,530.1,506.1,501.4,512.5,15.4
528,530.3,510.3,500.1,513.6,15.4
529,527.4,495.1,506.2,509.6,16.4
530,534.0,500.1,486.2,506.8,24.6
531,532.3,506.8,487.8,509.0,22.3
532,520.1,516.5,495.9,510.8,13.1
533,524.5,498.2,488.4,503.7,18.7
534,535.4,493.6,487.7,505.6,26.0
535,527.9,505.1,477.6,503.5,25.2
536,522.8,515.4,488.8,509.0,17.9
537,533.2,499.1,490.2,507.5,22.7
538,525.3,509.5,476.0,503.6,25.2
539,531.3,510.9,467.6,503.2,32.5
540,530.9,520.0,479.3,510.1,27.2
541,524.8,516.1,471.6,504.2,28.5
542,539.7,518.7,463.2,507.2,39.5
543,528.0,516.6,470.3,504.9,30.5
544,532.5,501.6,470.6,501.6,31.0
545,542.5,507.2,463.7,504.5,39.5
546,530.3,506.6,458.5,498.5,36.5
547,526.1,509.6,463.0,499.6,32.7
548,532.6,506.2,471.1,503.3,30.8
549,535.1,489.7,452.6,492.5,41.3
550,541.8,506.3,452.9,500.3,44.7
551,537.0,495.7,452.1,494.9,42.5
552,542.2,507.9,450.9,500.3,46.1
553,541.1,504.2,460.0,501.8,40.6
554,531.0,512.5,460.4,501.3,36.6
555,536.6,507.0,455.1,499.6,41.3
556,534.9,513.0,455.4,501.1,41.0
557,543.3,493.1,460.7,499.0,41.6
558,544.4,492.7,451.5,496.2,46.5
559,529.4,496.9,456.1,494.1,36.7
560,543.6,480.9,448.7,491.1,48.3
561,535.0,498.3,456.9,496.7,39.1
562,528.9,498.2,459.7,495.6,34.7
563,523.3,491.8,450.6,488.6,36.4
564,525.1,504.7,460.7,496.8,32.9
565,527.3,501.7,449.9,493.0,39.4
566,524.1,492.5,454.5,490.3,34.9
567,508.3,496.9,449.0,484.8,31.5
568,507.3,496.3,460.4,488.0,24.5
569,502.6,502.5,449.7,485.0,30.5
570,512.5,495.0,464.5,490.7,24.3
571,496.1,496.4,464.5,485.7,18.3
572,501.9,507.2,451.0,486.7,31.0
573,496.4,505.7,462.4,488.2,22.8
574,497.1,503.5,444.6,481.8,32.3
575,484.4,504.5,451.2,480.0,26.9
576,494.3,511.7,454.0,486.7,29.6
577,480.8,502.9,451.4,478.4,25.8
578,472.3,508.1,458.3,479.6,25.7
579,481.9,517.6,461.5,487.0,28.4
580,476.6,501.3,445.6,474.5,27.9
581,470.9,508.7,454.3,478.0,27.9
582,461.6,512.1,454.3,476.0,31.5
583,466.4,527.5,451.5,481.8,40.3
584,455.6,536.7,453.2,481.8,47.5
585,462.3,512.8,452.7,475.9,32.3
586,458.0,523.7,449.1,477.0,40.8
587,449.3,523.5,440.7,471.2,45.5
588,451.3,515.9,441.5,469.6,40.4
589,442.2,532.2,443.1,472.5,51.7
590,433.1,520.7,433.4,462.4,50.5
591,423.7,521.0,441.3,462.0,51.9
592,432.9,536.6,429.6,466.4,60.8
593,415.9,543.1,425.1,461.4,70.9
594,416.0,538.3,430.5,461.6,66.8
595,422.7,544.5,430.8,466.0,68.1
596,413.0,530.7,436.4,460.1,62.3
597,411.4,525.6,426.5,454.5,62.0
598,410.6,529.9,427.4,456.0,64.6
599,400.8,530.6,430.5,453.9,68.0
600,403.2,523.2,431.1,452.5,62.8
601,391.8,524.5,409.9,442.0,72.0
602,395.8,519.7,421.6,445.7,65.4
603,389.5,519.1,420.2,442.9,67.7
604,378.8,514.6,428.5,440.6,68.7
605,385.3,519.4,418.6,441.1,69.8
606,384.2,511.1,416.0,437.1,66.0
607,384.6,504.2,408.7,432.5,63.2
608,381.1,511.9,408.5,433.8,68.9
609,373.5,495.4,405.4,424.7,63.2
610,372.7,509.2,417.9,433.3,69.6
611,368.9,500.8,404.2,424.6,68.3
612,369.8,487.7,399.5,419.0,61.3
613,366.8,486.0,400.2,417.7,61.5
614,367.6,486.4,400.8,418.2,61.3
615,353.7,490.8,401.1,415.2,69.6
616,354.5,481.5,396.3,410.7,64.7
617,358.4,468.2,389.3,405.3,56.6
618,352.7,470.2,383.2,402.0,60.9
619,340.8,458.8,394.3,398.0,59.1
620,347.9,472.9,384.7,401.8,64.2
621,338.3,453.2,381.0,390.8,58.1
622,339.2,454.5,377.7,390.5,58.7
623,335.3,453.9,375.9,388.4,60.3
624,331.9,453.0,386.9,390.6,60.7
625,326.3,452.2,379.7,386.1,63.2
626,330.6,435.6,374.3,380.2,52.7
627,325.3,441.8,375.3,380.8,58.4
628,327.2,432.2,373.1,377.5,52.7
629,317.2,430.8,373.4,373.8,56.8
630,323.6,428.8,370.3,374.2,52.7
631,319.7,419.3,367.1,368.7,49.8
632,314.7,418.2,375.1,369.3,52.0
633,310.2,410.2,363.4,361.3,50.0
634,306.9,416.2,370.9,364.6,54.9
635,310.7,405.2,370.9,362.3,47.8
636,315.0,399.9,368.9,361.3,43.0
637,309.3,400.2,362.5,357.3,45.7
638,309.9,397.2,364.2,357.1,44.1
639,308.9,395.1,363.8,356.0,43.6
640,303.5,392.6,360.7,352.3,45.1
641,300.7,383.1,355.5,346.4,42.0
642,296.6,393.4,359.4,349.8,49.1
643,299.6,379.7,360.9,346.7,41.9
644,305.0,390.1,352.6,349.2,42.7
645,292.8,377.4,357.4,342.5,44.2
646,292.1,372.5,355.6,340.1,42.4
647,295.6,376.2,354.7,342.1,41.7
648,292.2,377.1,350.6,339.9,43.4
649,289.1,369.4,347.3,335.3,41.5
650,286.9,367.6,350.9,335.1,42.6
651,285.8,377.0,349.3,337.4,46.8
652,284.6,363.0,339.3,329.0,40.2
653,282.7,372.4,347.2,334.1,46.3
654,281.2,364.9,341.7,329.3,43.2
655,281.9,363.9,341.1,329.0,42.3
656,280.0,348.0,337.2,321.7,36.6
657,281.8,349.3,338.0,323.0,36.1
658,276.5,354.3,330.8,320.6,39.9
659,282.7,351.5,336.0,323.4,36.1
660,276.9,350.8,331.1,319.6,38.3
661,272.4,347.6,331.0,317.0,39.5
662,275.5,350.1,332.4,319.3,39.0
663,272.8,342.7,326.4,314.0,36.6
664,272.4,334.1,323.2,309.9,32.9
665,272.4,336.0,326.1,311.5,34.2
666,267.1,328.9,320.2,305.4,33.5
667,266.8,331.2,323.4,307.1,35.1
668,275.6,331.4,321.8,309.6,29.8
669,269.0,326.2,316.9,304.0,30.7
670,267.2,323.4,317.9,302.8,31.0
671,264.3,324.8,316.1,301.7,32.7
672,263.0,321.3,309.3,297.9,30.8
673,260.0,321.5,311.1,297.5,33.0
674,260.3,324.8,312.7,299.2,34.3
675,262.7,320.4,312.4,298.5,31.3
676,257.8,315.2,313.9,295.6,32.8
677,258.6,311.9,303.5,291.3,28.6
678,256.7,315.2,310.5,294.1,32.5
679,258.5,306.0,309.1,291.2,28.4
680,256.3,310.6,306.3,291.1,30.2
681,252.8,315.7,311.4,293.3,35.1
682,249.6,306.9,308.6,288.3,33.6
683,250.4,305.6,303.7,286.6,31.3
684,247.7,306.7,302.0,285.5,32.8
685,246.2,304.9,305.7,285.6,34.1
686,247.7,306.3,301.3,285.1,32.5
687,244.2,306.7,302.6,284.5,35.0
688,240.9,308.4,307.5,285.6,38.7
689,237.7,297.1,301.6,278.8,35.7
690,240.5,294.7,297.4,277.5,32.1
691,235.7,294.4,298.2,276.1,35.0
692,231.1,298.0,302.6,277.2,40.0
693,234.1,293.9,298.9,275.6,36.0
694,235.0,286.1,292.0,271.0,31.4
695,232.0,293.8,300.9,275.5,37.9
696,229.5,285.4,291.6,268.8,34.2
697,230.1,289.7,301.0,273.6,38.1
698,229.4,284.2,295.6,269.7,35.4
699,226.6,281.4,290.5,266.2,34.6
700,227.3,287.2,293.9,269.5,36.7
701,224.7,284.6,289.7,266.3,36.2
702,223.6,281.5,288.9,264.7,35.8
703,222.2,280.1,294.0,265.4,38.1
704,221.1,279.2,287.4,262.6,36.1
705,220.0,276.3,288.4,261.6,36.5
706,216.7,271.7,289.3,259.2,37.9
707,221.8,276.5,287.5,261.9,35.2
708,216.3,279.4,292.5,262.8,40.7
709,215.5,275.5,286.3,259.1,38.1
710,212.5,269.0,282.1,254.5,37.0
711,211.9,276.9,290.6,259.8,42.0
712,210.3,265.0,289.6,254.9,40.6
713,208.4,268.7,287.9,255.0,41.5
714,211.1,265.7,283.8,253.5,37.8
715,210.4,263.6,284.9,252.9,38.4
716,205.1,269.5,283.4,252.7,41.8
717,201.8,264.1,286.3,250.8,43.8
718,204.6,264.4,278.0,249.0,39.1
719,202.2,263.4,285.0,250.2,42.9
720,202.2,262.3,280.8,248.4,41.1
721,200.7,265.2,285.7,250.5,44.4
722,198.5,263.3,277.3,246.4,42.0
723,199.9,263.3,284.2,249.1,43.9
724,197.9,259.4,280.6,246.0,43.0
725,200.2,255.0,282.7,246.0,42.0
726,199.4,256.1,283.3,246.2,42.8
727,197.2,255.1,279.6,243.9,42.3
728,195.6,255.8,281.3,244.2,44.0
729,194.9,255.9,283.7,244.8,45.4
730,193.5,257.5,286.8,245.9,47.7
731,192.9,256.7,284.4,244.7,46.9
732,190.1,251.2,281.4,240.9,46.6
733,194.0,253.6,283.7,243.8,45.7
734,191.0,249.4,282.6,241.0,46.4
735,188.8,251.7,279.8,240.1,46.6
736,187.7,245.0,280.4,237.7,46.8
737,190.9,250.3,280.9,240.7,45.8
738,189.1,248.3,280.2,239.2,46.2
739,188.6,247.7,280.1,238.8,46.4
740,191.9,245.5,281.7,239.7,45.1
741,185.6,246.9,282.3,238.3,48.9
742,187.1,244.9,281.1,237.7,47.4
743,186.7,241.1,273.6,233.8,43.9
744,186.6,243.2,278.4,236.1,46.3
745,183.3,234.3,279.0,232.2,47.9
746,185.6,236.1,275.2,232.3,45.0
747,185.0,237.4,273.6,232.0,44.5
748,183.7,238.1,273.7,231.8,45.3
749,181.7,233.8,273.5,229.7,46.1
750,183.5,238.1,273.8,231.8,45.5
751,183.4,234.6,273.0,230.3,45.0
752,180.1,233.6,272.0,228.6,46.2
753,184.5,231.9,273.4,229.9,44.5
754,179.6,230.9,271.0,227.2,45.8
755,179.3,228.6,268.6,225.5,44.7
756,180.2,229.7,268.9,226.3,44.5
757,177.0,232.7,268.3,226.0,46.0
758,180.2,223.9,265.8,223.3,42.8
759,177.0,223.6,266.7,222.4,44.9
760,180.8,222.3,268.4,223.8,43.8
761,177.4,225.5,270.5,224.4,46.5
762,176.0,224.8,268.7,223.2,46.4
763,178.6,223.8,267.0,223.1,44.2
764,177.6,222.0,262.4,220.7,42.4
765,178.2,219.0,264.3,220.5,43.1
766,174.6,217.9,263.3,218.6,44.3
767,175.6,219.0,261.2,218.6,42.8
768,176.8,222.8,263.9,221.2,43.6
769,174.1,219.4,261.0,218.1,43.5
770,178.0,221.2,262.9,220.7,42.4
771,173.0,220.0,263.7,218.9,45.3
772,173.4,220.3,263.4,219.0,45.0
773,174.6,215.7,260.9,217.1,43.2
774,174.4,218.2,257.9,216.8,41.8
775,172.0,215.6,256.1,214.6,42.0
776,173.7,218.4,260.2,217.4,43.3
777,175.4,213.5,258.9,215.9,41.8
778,170.4,214.1,258.4,214.3,44.0
779,170.9,210.9,260.6,214.1,44.9
780,169.8,211.5,255.3,212.2,42.7
781,169.5,213.0,258.7,213.8,44.6
782,170.0,213.6,254.0,212.5,42.0
783,170.9,212.3,255.6,212.9,42.3
784,166.8,212.2,252.7,210.6,43.0
785,167.7,210.2,249.7,209.2,41.0
786,169.3,214.5,252.6,212.1,41.7
787,167.0,212.1,254.4,211.2,43.7
788,168.4,214.7,255.0,212.7,43.3
789,166.4,212.8,251.5,210.2,42.6
790,164.8,213.5,253.2,210.5,44.3
791,164.4,208.6,255.4,209.4,45.5
792,166.1,213.1,254.3,211.2,44.1
793,162.6,210.3,257.1,210.0,47.3
794,164.5,211.3,251.8,209.2,43.7
795,165.5,213.1,252.9,210.5,43.7
796,162.7,210.3,254.7,209.2,46.0
797,165.2,213.4,258.1,212.2,46.4
798,164.1,212.2,250.6,209.0,43.3
799,163.8,213.4,250.9,209.4,43.7
800,161.7,212.1,252.1,208.6,45.3
801,163.7,210.6,251.9,208.7,44.2
802,160.6,211.9,260.1,210.9,49.7
803,160.1,208.3,249.4,205.9,44.7
804,162.6,211.5,256.5,210.2,47.0
805,161.3,210.9,253.5,208.6,46.1
806,160.5,209.4,255.9,208.6,47.7
807,159.6,208.1,255.2,207.6,47.8
808,160.0,209.6,251.2,206.9,45.6
809,160.5,210.6,253.5,208.2,46.5
810,159.4,211.2,250.6,207.1,45.7
811,161.7,207.7,254.7,208.0,46.5
812,157.1,208.8,255.9,207.3,49.4
813,157.7,211.2,255.4,208.1,48.9
814,160.3,206.7,250.2,205.7,45.0
815,160.7,208.2,253.0,207.3,46.2
816,158.7,205.6,258.3,207.5,49.8
817,159.5,204.3,258.2,207.3,49.5
818,160.4,202.3,258.9,207.2,49.4
819,156.9,206.8,253.7,205.8,48.4
820,160.3,202.5,253.8,205.5,46.8
821,160.1,203.0,257.6,206.9,48.8
822,159.1,203.4,254.6,205.7,47.8
823,157.5,201.2,251.9,203.5,47.3
824,160.4,204.1,256.8,207.1,48.3
825,160.3,200.5,258.2,206.3,49.2
826,158.4,199.1,258.9,205.5,50.6
827,159.1,199.6,254.0,204.2,47.7
828,158.5,200.8,254.1,204.4,47.9
829,158.4,200.4,253.3,204.0,47.6
830,159.2,203.0,258.5,206.9,49.8
831,160.1,201.8,258.7,206.9,49.5
832,159.2,195.0,259.5,204.6,50.9
833,160.3,199.0,256.6,205.3,48.5
834,161.0,198.6,258.2,205.9,49.0
835,159.4,199.0,255.2,204.5,48.1
836,159.4,198.7,256.1,204.7,48.6
837,159.8,195.6,258.5,204.7,50.0
838,159.5,197.0,257.9,204.8,49.7
839,161.2,196.4,254.5,204.0,47.1
840,159.7,197.4,258.2,205.1,49.7
841,158.6,196.7,254.9,203.4,48.5
842,161.5,199.5,258.8,206.6,49.0
843,159.7,196.7,259.3,205.3,50.3
844,157.6,195.9,256.3,203.2,49.7
845,159.4,193.8,259.9,204.4,51.1
846,158.2,196.6,257.7,204.2,50.2
847,158.9,196.2,257.0,204.0,49.5
848,160.1,194.7,256.7,203.8,49.0
849,159.0,192.7,257.7,203.1,50.2
850,157.4,193.5,255.7,202.2,49.7
851,157.9,192.1,256.8,202.3,50.2
852,161.6,194.4,263.1,206.4,51.8
853,162.6,195.1,261.0,206.2,50.1
854,160.4,191.6,260.5,204.2,51.2
855,162.2,190.9,254.1,202.4,47.0
856,161.7,190.4,254.2,202.1,47.4
857,159.3,192.4,255.6,202.4,49.0
858,159.6,192.9,262.1,204.9,52.3
859,159.3,189.3,247.7,198.8,45.0
860,163.5,194.0,261.3,206.3,50.0
861,162.2,188.1,255.0,201.8,47.9
862,157.9,191.4,257.8,202.4,50.8
863,161.0,191.2,254.2,202.1,47.6
864,158.5,192.6,258.0,203.0,50.5
865,162.7,192.8,254.7,203.4,46.9
866,162.4,190.0,258.0,203.5,49.2
867,160.2,192.9,254.7,202.6,48.0
868,157.9,190.0,253.7,200.5,48.8
869,161.2,192.3,256.4,203.3,48.5
870,158.8,190.1,248.6,199.2,45.6
871,161.6,193.8,251.2,202.2,45.4
872,161.1,191.9,254.7,202.6,47.7
873,161.7,191.8,260.2,204.6,50.5
874,161.2,192.6,252.5,202.1,46.4
875,159.8,189.1,249.8,199.6,45.9
876,160.0,188.0,252.4,200.1,47.4
877,159.7,193.6,254.4,202.6,48.0
878,161.0,192.2,254.4,202.6,47.6
879,161.2,186.3,249.8,199.1,45.7
880,159.0,192.0,248.8,199.9,45.4
881,158.9,191.9,254.0,201.6,48.3
882,159.8,191.8,251.1,200.9,46.4
883,161.8,193.6,251.7,202.4,45.6
884,158.7,190.6,249.5,199.6,46.1
885,161.4,191.0,247.8,200.1,43.9
886,161.3,191.6,249.1,200.6,44.6
887,161.6,192.9,249.2,201.2,44.3
888,161.0,191.5,248.8,200.4,44.6
889,161.5,193.9,256.5,203.9,48.3
890,160.9,190.8,247.4,199.7,43.9
891,159.3,190.6,248.7,199.5,45.4
892,161.6,193.9,245.2,200.2,42.2
893,160.2,191.4,248.7,200.1,44.9
894,161.1,191.8,248.0,200.3,44.1
895,157.3,189.6,248.8,198.6,46.4
896,161.6,191.6,247.5,200.2,43.6
897,159.9,189.5,247.1,198.8,44.3
898,163.3,191.5,250.0,201.6,44.2
899,159.3,189.9,246.1,198.4,44.0
900,159.9,190.3,250.5,200.3,46.1
901,161.4,190.9,249.1,200.4,44.6
902,163.8,190.1,245.1,199.7,41.5
903,162.1,190.8,248.1,200.3,43.8
904,161.7,187.6,251.3,200.2,46.1
905,162.9,190.5,247.1,200.2,43.0
906,159.4,186.2,246.9,197.5,44.8
907,159.9,188.7,250.2,199.6,46.1
908,160.9,189.4,250.8,200.3,45.9
909,159.3,190.6,256.4,202.1,49.6
910,162.3,188.1,246.9,199.1,43.4
911,159.2,186.6,242.9,196.2,42.7
912,159.5,186.5,249.2,198.4,46.0
913,157.2,188.7,247.7,197.9,46.0
914,159.9,187.7,252.4,200.0,47.5
915,161.2,187.1,249.8,199.3,45.5
916,159.6,187.4,249.6,198.9,46.1
917,160.0,184.9,253.8,199.6,48.6
918,159.4,184.5,251.9,198.6,47.9
919,161.3,182.7,249.7,197.9,46.1
920,158.1,186.5,251.3,198.6,47.7
921,157.6,185.1,249.0,197.3,46.9
922,158.9,186.3,249.3,198.2,46.4
923,161.0,184.6,248.7,198.1,45.4
924,159.0,184.3,252.4,198.6,48.3
925,159.7,183.0,253.2,198.6,48.7
926,158.8,182.1,251.4,197.4,48.2
927,160.2,186.9,250.0,199.0,46.1
928,158.5,186.2,250.7,198.5,47.3
929,158.1,184.6,251.0,197.9,47.9
930,158.7,183.5,245.6,195.9,44.8
931,155.2,186.0,248.4,196.5,47.5
932,155.9,184.4,252.6,197.7,49.7
933,158.2,184.5,246.9,196.5,45.6
934,159.8,185.1,249.2,198.0,46.1
935,159.9,184.6,251.2,198.6,47.2
936,159.2,186.8,246.0,197.3,44.3
937,155.0,187.4,249.4,197.3,48.0
938,157.4,183.4,250.1,196.9,47.8
939,158.8,182.5,244.8,195.4,44.4
940,157.9,183.6,246.8,196.1,45.7
941,157.8,185.5,247.9,197.1,46.1
942,158.1,184.9,249.9,197.7,47.2
943,156.8,183.2,244.7,194.9,45.1
944,157.1,184.0,247.2,196.1,46.3
945,156.9,185.6,245.5,196.0,45.2
946,154.3,185.5,244.4,194.7,45.8
947,157.6,184.9,249.2,197.2,47.0
948,157.2,182.0,247.8,195.7,46.8
949,157.4,183.1,243.8,194.8,44.4
950,159.3,182.9,241.1,194.4,42.1
951,156.4,183.1,241.9,193.8,43.8
952,156.9,184.2,244.6,195.2,44.9
953,157.8,181.3,249.4,196.2,47.6
954,154.8,183.4,246.0,194.8,46.6
955,157.1,181.3,240.6,193.0,43.0
956,156.4,184.9,246.2,195.8,45.9
957,156.2,183.3,241.5,193.7,43.6
958,156.6,184.7,247.4,196.2,46.5
959,156.9,181.1,245.4,194.5,45.7
960,155.9,187.0,246.2,196.4,45.9
961,158.5,183.5,246.0,196.0,45.1
962,155.7,182.1,247.2,195.0,47.1
963,158.4,181.6,250.6,196.9,48.0
964,156.8,180.3,245.4,194.2,45.9
965,156.6,184.2,246.3,195.7,46.0
966,157.4,181.8,242.9,194.1,44.0
967,155.8,183.5,246.7,195.3,46.6
968,155.0,187.5,245.9,196.1,46.1
969,156.3,181.4,243.8,193.8,45.0
970,159.4,183.7,246.7,196.6,45.1
971,157.0,185.6,243.6,195.4,44.1
972,156.7,181.9,242.7,193.8,44.2
973,158.0,184.0,245.2,195.8,44.8
974,157.7,183.8,243.1,194.9,43.7
975,154.7,183.3,246.5,194.8,47.0
976,156.9,187.2,243.3,195.8,43.8
977,158.1,184.0,241.9,194.6,42.9
978,155.6,183.9,240.4,193.3,43.1
979,155.5,185.6,240.4,193.8,43.0
980,157.6,185.5,243.1,195.4,43.6
981,159.1,185.4,241.3,195.3,42.0
982,155.3,185.0,241.4,193.9,43.7
983,158.1,186.2,243.8,196.0,43.7
984,158.4,184.9,240.0,194.4,41.6
985,159.3,186.5,246.5,197.5,44.6
986,157.3,182.7,242.9,194.3,43.9
987,158.5,184.3,245.3,196.0,44.6
988,158.5,182.6,241.1,194.1,42.5
989,159.0,184.5,240.4,194.6,41.7
990,158.6,183.4,245.1,195.7,44.5
991,155.7,183.3,241.9,193.7,44.0
992,156.8,188.7,242.3,195.9,43.2
993,156.7,183.6,236.1,192.1,40.4
994,155.2,184.6,242.8,194.2,44.6
995,157.0,183.4,240.2,193.5,42.5
996,157.0,187.1,245.4,196.5,44.9
997,159.4,185.5,239.3,194.7,40.7
998,157.9,183.6,234.8,192.1,39.2
999,157.6,184.0,234.5,192.0,39.1
1000,155.3,185.3,235.9,192.2,40.7
1001,156.4,183.5,238.7,192.8,41.9
1002,157.8,183.9,237.9,193.2,40.8
1003,157.3,186.2,237.0,193.5,40.3
1004,156.9,182.0,231.8,190.2,38.1
1005,155.3,183.5,232.8,190.5,39.2
1006,160.2,184.1,234.1,192.8,37.7
1007,158.7,181.7,228.5,189.6,35.6
1008,158.4,185.1,232.6,192.0,37.6
1009,159.5,184.5,231.4,191.8,36.5
1010,160.1,182.1,228.8,190.4,35.1
1011,160.7,181.6,229.2,190.5,35.1
1012,157.7,182.4,230.1,190.1,36.8
1013,159.4,182.7,228.6,190.2,35.2
1014,158.6,182.2,227.6,189.5,35.1
1015,155.6,182.2,228.3,188.7,36.8
1016,156.4,183.7,233.9,191.3,39.3
1017,160.1,182.8,231.1,191.3,36.2
1018,158.6,181.6,225.2,188.4,33.8
1019,156.0,182.8,225.1,188.0,34.9
1020,159.8,182.3,230.1,190.7,35.9
1021,158.3,184.3,226.0,189.5,34.1
1022,159.3,181.5,228.2,189.7,35.2
1023,158.6,180.2,224.9,187.9,33.9
1024,161.1,181.1,224.6,189.0,32.5
1025,160.9,182.6,225.3,189.6,32.8
1026,160.2,179.9,220.4,186.8,30.7
1027,159.4,182.3,222.4,188.0,31.9
1028,162.2,179.7,220.5,187.4,29.9
1029,160.5,183.2,221.5,188.4,30.8
1030,158.1,180.2,221.5,186.6,32.2
1031,163.4,179.6,219.7,187.6,29.0
1032,162.4,180.4,220.5,187.7,29.8
1033,161.0,184.6,216.9,187.5,28.1
1034,162.7,182.3,223.7,189.5,31.1
1035,164.4,181.0,216.2,187.2,26.5
1036,161.5,181.4,213.8,185.6,26.4
1037,164.3,181.3,218.3,188.0,27.6
1038,165.1,183.0,218.7,188.9,27.3
1039,163.8,179.7,221.5,188.4,29.8
1040,164.1,183.0,215.7,187.6,26.1
1041,163.8,181.3,218.3,187.8,27.8
1042,164.4,182.8,218.5,188.6,27.5
1043,161.3,185.6,217.0,188.0,27.9
1044,163.1,185.4,214.7,187.7,25.9
1045,164.5,184.3,219.5,189.4,27.8
1046,162.9,181.7,219.0,187.8,28.5
1047,161.9,180.6,218.2,186.9,28.7
1048,165.0,184.3,212.6,187.3,24.0
1049,162.4,183.7,213.1,186.4,25.5
1050,164.1,183.6,215.8,187.9,26.1
1051,163.2,184.6,216.1,188.0,26.6
1052,161.1,180.5,214.7,185.4,27.1
1053,164.0,184.4,215.9,188.1,26.2
1054,164.6,182.7,212.4,186.6,24.1
1055,165.2,181.5,213.6,186.8,24.7
1056,163.8,184.4,211.4,186.6,23.9
1057,162.7,182.5,214.9,186.7,26.4
1058,166.3,186.6,211.5,188.1,22.6
1059,162.4,188.4,214.4,188.4,26.0
1060,164.9,183.9,217.3,188.7,26.5
1061,162.9,183.7,213.7,186.8,25.5
1062,164.8,184.5,213.7,187.7,24.6
1063,167.2,185.3,210.1,187.5,21.5
1064,166.8,187.3,215.0,189.7,24.2
1065,162.9,186.4,208.5,185.9,22.8
1066,162.9,185.7,210.8,186.5,23.9
1067,163.4,185.8,212.5,187.2,24.6
1068,167.7,184.6,209.3,187.2,20.9
1069,167.2,184.4,209.6,187.1,21.3
1070,165.7,188.0,210.4,188.0,22.4
1071,161.8,187.8,210.9,186.8,24.6
1072,163.0,186.4,206.4,185.3,21.7
1073,166.2,186.0,207.2,186.5,20.5
1074,166.6,188.1,210.9,188.5,22.1
1075,166.8,185.5,203.5,185.3,18.4
1076,165.2,187.8,212.1,188.4,23.4
1077,165.2,187.9,209.4,187.5,22.1
1078,165.5,188.3,210.2,188.0,22.3
1079,165.1,189.8,207.8,187.6,21.4
1080,164.9,190.0,207.0,187.3,21.2
1081,168.3,189.4,211.2,189.6,21.5
1082,165.8,188.4,211.8,188.7,23.0
1083,166.7,189.8,209.5,188.7,21.4
1084,164.7,192.0,205.9,187.5,20.9
1085,166.1,190.6,207.9,188.2,21.0
1086,165.2,187.2,208.2,186.9,21.5
1087,165.1,190.1,204.6,186.6,20.0
1088,165.8,189.9,204.3,186.6,19.4
1089,167.4,190.1,205.2,187.6,19.0
1090,164.4,190.3,202.6,185.7,19.5
1091,167.6,188.3,201.8,185.9,17.2
1092,166.8,189.6,202.8,186.4,18.2
1093,165.9,188.9,202.9,185.9,18.7
1094,163.7,191.0,204.1,186.3,20.7
1095,166.0,194.7,202.7,187.8,19.3
1096,165.6,191.2,207.4,188.1,21.1
1097,163.6,189.5,202.8,185.3,19.9
1098,165.3,194.1,203.0,187.5,19.7
1099,163.8,191.2,201.2,185.4,19.4
1100,164.7,189.4,201.1,185.1,18.5
1101,164.0,191.7,203.3,186.3,20.2
1102,162.9,190.8,204.2,186.0,21.1
1103,163.5,189.9,201.5,185.0,19.5
1104,165.4,190.8,199.1,185.1,17.6
1105,162.9,192.3,200.8,185.3,19.9
1106,164.6,189.2,201.1,185.0,18.6
1107,165.9,191.5,199.4,185.6,17.5
1108,165.2,194.5,199.1,186.3,18.4
1109,166.1,189.7,199.5,185.1,17.2
1110,163.1,193.6,202.2,186.3,20.5
1111,164.0,188.1,199.4,183.9,18.1
1112,163.0,191.2,199.5,184.6,19.1
1113,164.0,190.9,197.1,184.0,17.6
1114,164.0,190.6,196.5,183.7,17.3
1115,165.3,188.4,199.8,184.5,17.6
1116,161.5,190.9,200.0,184.1,20.1
1117,163.9,185.4,198.5,182.6,17.5
1118,161.5,188.3,201.4,183.7,20.3
1119,162.8,190.3,196.6,183.2,18.0
1120,163.8,192.3,196.0,184.0,17.6
1121,164.9,188.7,198.4,184.0,17.2
1122,163.0,188.3,198.3,183.2,18.2
1123,165.5,185.9,199.3,183.6,17.0
1124,163.8,187.8,197.8,183.1,17.5
1125,163.1,190.1,193.7,182.3,16.7
1126,162.9,189.8,197.5,183.4,18.1
1127,166.5,188.9,198.4,184.6,16.4
1128,162.7,188.6,199.2,183.5,18.8
1129,165.6,188.5,196.6,183.6,16.1
1130,163.5,190.4,198.2,184.0,18.2
1131,163.6,188.6,196.9,183.0,17.3
1132,163.2,186.7,198.9,183.0,18.2
1133,165.6,184.4,195.9,182.0,15.3
1134,162.6,187.3,199.4,183.1,18.7
1135,167.7,191.6,196.5,185.2,15.4
1136,164.4,187.5,197.4,183.1,16.9
1137,163.5,185.9,195.3,181.6,16.3
1138,162.5,189.2,201.4,184.3,19.9
1139,165.4,190.1,195.3,183.6,16.0
1140,163.5,189.2,199.2,184.0,18.4
1141,164.2,190.5,194.2,182.9,16.3
1142,167.2,189.2,196.5,184.3,15.3
1143,165.2,191.3,197.1,184.6,17.0
1144,164.6,188.7,194.0,182.4,15.7
1145,165.0,188.8,194.9,182.9,15.8
1146,164.8,187.9,196.1,182.9,16.2
1147,164.8,190.9,192.0,182.6,15.4
1148,165.9,189.4,194.9,183.4,15.4
1149,164.8,186.6,194.3,181.9,15.3
1150,164.4,187.3,192.9,181.5,15.1
1151,165.2,187.9,197.1,183.4,16.4
1152,165.5,188.8,195.7,183.3,15.8
1153,163.3,191.1,197.5,183.9,18.2
1154,163.7,190.7,197.0,183.8,17.7
1155,163.8,191.4,193.2,182.8,16.5
1156,164.9,188.9,196.2,183.3,16.4
1157,166.2,192.2,195.2,184.5,16.0
1158,165.5,191.6,193.5,183.5,15.7
1159,165.4,189.5,195.1,183.3,15.8
1160,166.0,191.3,197.3,184.9,16.6
1161,164.3,189.3,194.9,182.8,16.3
1162,164.5,187.7,197.1,183.1,16.8
1163,166.3,187.3,192.6,182.1,13.9
1164,164.5,191.0,193.9,183.1,16.2
1165,163.2,190.3,195.2,182.9,17.2
1166,163.3,190.1,194.7,182.7,16.9
1167,166.3,191.9,197.7,185.3,16.7
1168,166.0,191.0,193.8,183.6,15.3
1169,163.2,189.6,194.9,182.6,17.0
1170,162.2,190.7,192.8,181.9,17.1
1171,163.2,191.6,194.2,183.0,17.2
1172,165.1,189.0,196.6,183.6,16.4
1173,163.0,190.6,197.3,183.6,18.2
1174,162.7,191.4,195.0,183.1,17.7
1175,161.6,192.3,192.4,182.1,17.7
1176,165.2,188.3,193.0,182.1,14.9
1177,165.8,191.4,194.6,183.9,15.8
1178,161.1,191.3,196.2,182.9,19.0
1179,164.0,188.0,198.0,183.3,17.5
1180,164.5,188.0,195.0,182.5,16.0
1181,165.4,190.4,191.2,182.4,14.7
1182,162.7,188.8,196.5,182.7,17.7
1183,162.9,192.3,197.3,184.2,18.5
1184,162.3,191.8,194.7,182.9,18.0
1185,164.2,188.9,194.4,182.5,16.1
1186,162.1,191.6,192.1,181.9,17.2
1187,162.0,191.4,196.4,183.3,18.6
1188,164.0,189.1,193.7,182.3,15.9
1189,162.4,193.1,192.8,182.7,17.6
1190,163.4,192.1,193.6,183.0,17.0
1191,164.4,192.5,195.3,184.0,17.1
1192,162.0,191.7,195.8,183.2,18.4
1193,165.4,193.0,190.7,183.1,15.3
1194,159.2,192.1,195.0,182.1,19.9
1195,163.3,192.3,192.2,182.6,16.7
1196,162.9,192.8,191.5,182.4,16.9
1197,161.1,193.2,190.8,181.7,17.9
1198,163.1,193.2,188.5,181.6,16.2
1199,162.3,190.8,192.1,181.7,16.8
1200,162.1,194.4,193.0,183.2,18.3
1201,162.6,194.6,190.9,182.7,17.5
1202,162.9,192.0,193.7,182.8,17.3
1203,162.0,193.4,192.9,182.7,18.0
1204,160.9,190.7,191.1,180.9,17.3
1205,161.6,190.8,191.2,181.2,17.0
1206,162.8,193.0,191.1,182.3,16.9
1207,161.9,189.6,185.8,179.1,15.1
1208,162.0,190.2,192.3,181.5,16.9
1209,161.5,187.1,191.9,180.2,16.4
1210,163.4,191.1,190.7,181.7,15.9
1211,160.8,191.8,190.9,181.2,17.6
1212,163.3,192.3,188.6,181.4,15.8
1213,159.4,190.6,193.5,181.2,18.9
1214,161.9,191.0,189.6,180.8,16.4
1215,162.2,192.2,188.9,181.1,16.4
1216,158.0,188.6,191.8,179.5,18.7
1217,160.0,188.3,189.8,179.4,16.8
1218,162.2,188.5,191.2,180.6,16.0
1219,160.3,191.9,191.6,181.3,18.2
1220,160.7,191.4,190.8,181.0,17.5
1221,162.5,191.2,188.4,180.7,15.8
1222,160.7,188.6,191.1,180.1,16.9
1223,163.6,189.5,188.2,180.4,14.6
1224,162.7,193.5,190.0,182.1,16.9
1225,161.6,188.6,189.7,180.0,16.0
1226,161.3,190.8,191.1,181.1,17.1
1227,161.5,187.2,188.6,179.1,15.2
1228,161.1,187.6,188.7,179.2,15.6
1229,160.7,190.5,190.1,180.4,17.1
1230,160.5,190.3,186.4,179.1,16.2
1231,160.3,190.0,187.7,179.3,16.5
1232,162.1,188.2,186.2,178.8,14.5
1233,161.5,192.4,187.5,180.5,16.6
1234,161.1,189.0,188.0,179.4,15.8
1235,161.9,189.0,185.2,178.7,14.7
1236,158.1,189.2,187.4,178.3,17.5
1237,161.4,186.8,186.5,178.3,14.6
1238,161.6,190.2,186.9,179.6,15.6
1239,159.4,188.6,184.6,177.6,15.8
1240,160.4,187.3,185.6,177.7,15.1
1241,158.9,190.4,185.5,178.3,16.9
1242,160.0,186.5,186.9,177.8,15.4
1243,158.5,190.2,188.6,179.1,17.8
1244,160.8,188.0,188.4,179.0,15.8
1245,158.8,189.1,187.2,178.4,17.0
1246,160.9,189.9,184.6,178.5,15.5
1247,157.7,185.5,185.9,176.4,16.2
1248,159.4,185.1,187.8,177.5,15.7
1249,160.3,186.6,183.7,176.9,14.4
1250,158.9,186.7,181.9,175.8,14.9
1251,158.5,188.6,187.8,178.3,17.1
1252,158.3,191.0,184.9,178.1,17.4
1253,157.1,185.9,184.8,175.9,16.3
1254,157.1,185.7,187.9,176.9,17.2
1255,159.7,186.2,186.0,177.3,15.3
1256,158.0,189.8,188.3,178.7,18.0
1257,160.0,189.9,188.3,179.4,16.8
1258,158.4,188.6,183.8,177.0,16.3
1259,158.5,185.9,186.3,176.9,15.9
1260,157.2,186.7,185.0,176.3,16.6
1261,154.5,187.2,184.5,175.4,18.2
1262,157.8,188.5,184.4,176.9,16.7
1263,156.9,189.1,181.1,175.7,16.8
1264,155.8,186.6,183.1,175.2,16.8
1265,157.9,184.3,181.8,174.7,14.6
1266,157.7,189.4,185.1,177.4,17.2
1267,157.1,188.0,185.1,176.8,17.1
1268,157.2,187.4,186.8,177.1,17.3
1269,157.0,187.7,186.2,177.0,17.3
1270,155.6,186.3,186.7,176.2,17.9
1271,155.8,186.8,183.5,175.4,17.0
1272,155.5,186.1,183.1,174.9,16.9
1273,158.8,187.7,182.7,176.4,15.5
1274,156.9,186.5,185.0,176.1,16.7
1275,158.4,185.4,186.4,176.7,15.9
1276,157.0,186.8,184.1,176.0,16.5
1277,152.5,189.4,186.1,176.0,20.4
1278,157.6,189.7,186.3,177.9,17.6
1279,157.0,188.2,184.9,176.7,17.1
1280,153.9,187.1,184.5,175.2,18.5
1281,156.7,188.2,182.0,175.6,16.7
1282,156.3,187.4,186.9,176.9,17.8
1283,156.3,184.4,187.5,176.1,17.1
1284,156.4,187.3,185.5,176.4,17.3
1285,155.8,185.7,185.5,175.7,17.2
1286,155.5,188.1,185.3,176.3,18.0
1287,154.7,187.0,184.7,175.5,18.0
1288,153.4,185.9,185.7,175.0,18.7
1289,153.2,188.9,188.0,176.7,20.3
1290,155.7,188.3,188.6,177.5,18.9
1291,154.0,190.0,183.5,175.8,19.2
1292,156.1,189.2,186.1,177.1,18.3
1293,157.3,189.3,186.2,177.6,17.7
1294,153.6,189.5,187.4,176.8,20.1
1295,156.1,189.6,184.8,176.8,18.1
1296,153.6,189.0,184.2,175.6,19.2
1297,156.7,188.6,184.8,176.7,17.4
1298,154.4,187.6,187.8,176.6,19.2
1299,154.4,186.8,184.9,175.3,18.2
1300,152.5,187.7,188.2,176.1,20.5
1301,151.6,189.5,186.8,176.0,21.2
1302,151.5,186.5,188.2,175.4,20.8
1303,155.3,188.7,188.1,177.4,19.1
1304,154.6,185.2,185.3,175.0,17.7
1305,153.9,188.3,185.7,176.0,19.2
1306,152.2,186.8,185.6,174.9,19.6
1307,152.2,184.7,184.6,173.8,18.8
1308,154.4,188.4,185.5,176.1,18.9
1309,157.6,184.3,187.5,176.4,16.4
1310,154.1,186.9,184.2,175.1,18.2
1311,153.7,186.9,184.8,175.1,18.6
1312,152.5,185.4,184.2,174.0,18.7
1313,153.8,187.9,188.7,176.8,19.9
1314,153.1,189.0,183.9,175.3,19.4
1315,152.8,184.4,186.6,174.6,18.9
1316,152.7,184.8,189.6,175.7,20.1
1317,153.3,185.2,186.5,175.0,18.8
1318,153.8,185.8,185.9,175.2,18.5
1319,151.0,183.4,186.4,173.6,19.6
1320,150.6,186.4,189.6,175.5,21.6
1321,155.1,188.3,189.0,177.5,19.4
1322,152.1,185.7,188.5,175.4,20.2
1323,152.4,185.3,190.1,175.9,20.5
1324,152.1,186.0,189.0,175.7,20.5
1325,151.3,186.4,190.1,175.9,21.4
1326,152.2,186.1,190.1,176.1,20.8
1327,151.9,188.3,188.3,176.2,21.0
1328,153.1,187.7,190.1,177.0,20.7
1329,152.8,185.6,187.0,175.2,19.3
1330,150.6,187.3,192.3,176.7,22.7
1331,152.0,186.7,189.9,176.2,21.0
1332,149.2,189.1,194.3,177.6,24.7
1333,152.0,186.5,192.6,177.0,21.9
1334,151.8,190.4,188.6,177.0,21.8
1335,150.2,190.1,193.5,177.9,24.1
1336,149.3,188.5,193.9,177.3,24.4
1337,152.1,191.1,189.3,177.5,22.0
1338,149.6,189.3,191.8,176.9,23.7
1339,150.3,187.4,192.9,176.9,23.2
1340,148.1,190.6,194.4,177.7,25.7
1341,147.7,189.0,196.8,177.8,26.4
1342,147.6,186.7,195.2,176.5,25.4
1343,146.8,188.7,195.4,177.0,26.4
1344,148.0,189.1,196.9,178.0,26.3
1345,148.5,190.2,191.9,176.9,24.5
1346,145.9,192.4,194.9,177.8,27.6
1347,147.1,190.6,194.6,177.4,26.3
1348,146.0,188.4,198.4,177.6,27.8
1349,147.9,188.8,196.2,177.6,26.0
1350,148.2,188.1,196.8,177.7,25.9
1351,147.2,190.5,195.4,177.7,26.5
1352,146.0,192.0,198.4,178.8,28.6
1353,147.7,189.8,199.4,179.0,27.5
1354,144.6,189.6,195.8,176.7,28.0
1355,144.4,186.3,197.1,175.9,27.8
1356,145.3,190.9,199.2,178.5,29.0
1357,147.3,191.7,199.4,179.5,28.1
1358,143.2,190.2,200.0,177.8,30.4
1359,144.5,186.4,201.4,177.4,29.5
1360,142.8,189.5,197.1,176.5,29.4
1361,144.9,188.4,198.2,177.2,28.3
1362,143.1,188.4,198.2,176.6,29.4
1363,142.9,188.9,196.9,176.2,29.2
1364,142.5,185.6,198.6,175.5,29.4
1365,143.0,185.9,200.3,176.4,29.8
1366,143.9,185.9,199.8,176.5,29.1
1367,142.5,186.8,198.1,175.8,29.4
1368,140.3,186.1,197.8,174.7,30.4
1369,144.3,186.1,201.3,177.2,29.6
1370,143.5,184.9,200.2,176.2,29.3
1371,143.8,185.2,196.7,175.2,27.8
1372,143.6,183.0,200.8,175.8,29.2
1373,143.2,183.7,197.9,174.9,28.4
1374,142.9,186.1,197.1,175.4,28.6
1375,142.7,188.7,201.2,177.5,30.8
1376,142.9,186.9,199.2,176.3,29.6
1377,143.3,183.9,201.3,176.2,29.8
1378,143.8,185.5,202.0,177.1,30.0
1379,141.4,185.7,204.7,177.3,32.5
1380,142.8,183.9,200.0,175.6,29.5
1381,141.0,186.2,198.5,175.2,30.3
1382,143.7,185.4,202.8,177.3,30.4
1383,145.3,186.0,202.3,177.9,29.4
1384,141.4,186.5,203.5,177.1,32.1
1385,143.3,190.3,199.3,177.6,30.1
1386,143.4,184.2,201.3,176.3,29.7
1387,142.6,187.5,199.7,176.6,30.0
1388,144.6,185.8,202.4,177.6,29.8
1389,141.5,187.4,201.2,176.7,31.2
1390,142.1,189.1,200.6,177.3,31.0
1391,141.9,184.8,200.3,175.7,30.3
1392,140.5,183.7,201.0,175.0,31.2
1393,141.7,187.4,201.9,177.0,31.4
1394,141.6,184.4,203.4,176.5,31.6
1395,144.0,187.0,203.9,178.3,30.9
1396,143.0,185.3,204.9,177.7,31.6
1397,142.3,186.4,201.5,176.7,30.8
1398,143.0,184.3,203.1,176.8,30.8
1399,141.0,187.8,204.5,177.8,32.9
1400,142.3,186.3,203.9,177.5,31.7
1401,143.0,187.5,205.7,178.7,32.2
1402,141.9,187.6,207.1,178.9,33.5
1403,143.2,186.6,207.9,179.2,33.0
1404,142.4,187.5,206.0,178.7,32.7
1405,143.3,188.4,207.9,179.9,33.1
1406,144.6,185.1,211.4,180.4,33.7
1407,142.9,187.1,208.6,179.5,33.5
1408,142.0,183.7,212.3,179.3,35.3
1409,141.7,185.2,206.9,177.9,33.3
1410,142.8,186.6,211.7,180.4,34.8
1411,143.4,184.5,213.3,180.4,35.1
1412,144.0,184.0,215.9,181.3,36.0
1413,143.0,187.1,215.4,181.8,36.5
1414,144.0,186.6,214.3,181.6,35.4
1415,143.8,185.7,213.8,181.1,35.2
1416,143.6,188.8,215.4,182.6,36.3
1417,143.5,187.5,218.9,183.3,37.9
1418,142.6,186.4,217.1,182.0,37.4
1419,143.7,184.4,220.8,183.0,38.6
1420,141.6,187.2,219.1,182.6,39.0
1421,144.0,182.1,225.9,184.0,41.0
1422,145.2,183.1,219.4,182.6,37.1
1423,144.2,182.5,220.2,182.3,38.0
1424,144.2,187.8,223.7,185.2,39.8
1425,144.0,185.9,226.8,185.6,41.4
1426,146.2,187.9,229.7,187.9,41.8
1427,143.6,184.9,225.9,184.8,41.1
1428,144.5,184.9,227.1,185.5,41.3
1429,144.0,184.2,225.7,184.6,40.9
1430,143.6,183.2,227.4,184.7,41.9
1431,143.5,186.6,227.1,185.7,41.8
1432,143.5,186.0,229.1,186.2,42.8
1433,144.2,186.8,228.8,186.6,42.3
1434,145.5,184.9,229.8,186.7,42.2
1435,144.8,181.8,231.0,185.9,43.2
1436,143.2,185.5,225.5,184.7,41.1
1437,144.2,182.0,229.2,185.1,42.6
1438,142.8,182.6,229.8,185.1,43.5
1439,142.5,183.6,230.8,185.6,44.2
1440,144.8,184.1,229.9,186.2,42.6
1441,143.5,184.1,229.9,185.8,43.3
1442,145.4,182.9,230.1,186.1,42.4
1443,142.6,179.9,230.2,184.2,44.0
1444,142.8,185.0,227.5,185.1,42.3
1445,144.2,183.8,231.8,186.6,43.9
1446,141.3,179.7,230.7,183.9,44.9
1447,141.4,178.1,232.2,183.9,45.7
1448,142.4,177.5,230.2,183.4,44.2
1449,142.1,180.2,233.6,185.3,46.0
1450,141.6,178.9,229.3,183.3,44.0
1451,142.2,180.4,230.0,184.2,44.0
1452,139.4,176.9,237.7,184.7,49.6
1453,142.4,177.6,229.8,183.2,44.0
1454,140.6,180.1,230.9,183.8,45.3
1455,140.7,179.1,227.8,182.5,43.7
1456,141.5,184.9,230.3,185.5,44.4
1457,139.2,180.2,227.8,182.4,44.4
1458,139.0,181.4,228.0,182.8,44.5
1459,142.6,182.3,230.6,185.2,44.1
1460,139.1,180.6,229.9,183.2,45.5
1461,140.2,179.0,228.7,182.6,44.4
1462,139.2,182.4,231.0,184.2,46.0
1463,139.4,183.3,230.7,184.5,45.7
1464,139.3,179.9,232.3,183.8,46.6
1465,138.7,182.4,231.9,184.3,46.7
1466,137.3,179.3,230.2,182.3,46.5
1467,138.8,181.5,231.6,184.0,46.5
1468,139.3,184.9,232.1,185.4,46.4
1469,138.9,180.4,231.4,183.6,46.3
1470,135.6,181.3,230.8,182.6,47.6
1471,140.8,181.5,228.9,183.8,44.1
1472,137.4,179.7,231.4,182.8,47.0
1473,138.4,180.1,228.9,182.4,45.3
1474,138.7,183.4,232.9,185.0,47.1
1475,138.1,180.3,230.4,182.9,46.2
1476,136.9,179.8,231.2,182.6,47.2
1477,137.7,179.5,230.2,182.5,46.3
1478,137.7,182.9,233.2,184.6,47.7
1479,138.0,182.2,232.2,184.2,47.2
1480,138.6,181.3,234.7,184.9,48.2
1481,136.9,183.3,230.9,183.7,47.0
1482,135.5,181.7,232.1,183.1,48.3
1483,139.3,182.6,232.4,184.8,46.6
1484,138.8,181.8,237.8,186.1,49.7
1485,139.1,181.6,230.0,183.6,45.5
1486,138.1,182.8,233.6,184.8,47.8
1487,136.4,184.9,231.7,184.3,47.6
1488,138.6,182.9,228.8,183.4,45.1
1489,137.9,182.7,230.5,183.7,46.3
1490,137.6,184.1,232.7,184.8,47.6
1491,136.7,185.1,231.3,184.4,47.4
1492,138.1,185.0,230.8,184.6,46.3
1493,140.2,186.6,232.7,186.5,46.2
1494,139.0,185.0,233.9,186.0,47.5
1495,139.8,184.7,233.4,186.0,46.8
1496,138.4,186.9,230.7,185.3,46.2
1497,136.1,186.8,233.4,185.4,48.7
1498,138.8,184.2,230.7,184.6,45.9
1499,139.3,189.2,227.1,185.2,44.0
1500,138.0,188.1,231.9,186.0,47.0
1501,136.6,189.7,234.0,186.8,48.8
1502,140.9,187.4,228.9,185.7,44.0
1503,139.7,189.6,230.3,186.5,45.4
1504,138.7,187.0,231.0,185.6,46.2
1505,140.4,190.0,229.1,186.5,44.5
1506,139.5,186.2,228.3,184.7,44.4
1507,137.1,187.2,228.9,184.4,46.0
1508,138.2,188.8,226.1,184.4,44.1
1509,141.3,189.9,229.0,186.7,44.0
1510,140.3,190.8,230.7,187.3,45.3
1511,142.3,190.2,228.0,186.8,43.0
1512,139.4,190.7,232.5,187.5,46.6
1513,139.8,190.1,228.0,186.0,44.3
1514,141.9,194.4,228.8,188.4,43.7
1515,139.6,191.4,229.1,186.7,44.9
1516,138.7,190.6,230.1,186.5,45.8
1517,137.9,193.4,228.1,186.5,45.5
1518,138.6,189.2,232.7,186.9,47.1
1519,141.6,189.2,230.7,187.2,44.6
1520,141.5,188.8,231.4,187.2,45.0
1521,142.7,192.6,228.3,187.9,43.0
1522,142.8,188.5,232.6,188.0,44.9
1523,142.4,192.8,230.9,188.7,44.4
1524,139.7,189.2,236.6,188.5,48.4
1525,143.7,193.1,233.0,190.0,44.7
1526,143.0,190.7,230.3,188.0,43.7
1527,141.8,191.9,234.3,189.3,46.3
1528,139.0,192.1,235.1,188.8,48.1
1529,143.3,192.6,231.0,188.9,44.0
1530,143.7,194.4,231.2,189.8,43.9
1531,141.5,190.9,230.2,187.6,44.4
1532,142.6,191.0,232.4,188.7,44.9
1533,143.8,193.7,232.7,190.1,44.6
1534,142.8,189.8,228.2,186.9,42.7
1535,142.0,196.4,225.7,188.0,42.5
1536,141.9,191.0,226.9,186.6,42.7
1537,143.7,189.5,232.0,188.4,44.2
1538,143.2,196.1,232.3,190.5,44.8
1539,145.0,194.9,234.6,191.5,44.9
1540,143.2,194.5,230.3,189.4,43.8
1541,142.0,194.9,226.3,187.7,42.6
1542,144.9,192.4,226.5,187.9,41.0
1543,144.0,195.2,226.4,188.5,41.6
1544,142.9,195.0,224.6,187.5,41.3
1545,145.0,193.9,230.2,189.7,42.8
1546,146.8,194.7,226.4,189.3,40.1
1547,147.2,196.2,223.7,189.0,38.7
1548,145.4,196.9,227.2,189.8,41.3
1549,144.7,193.6,226.0,188.1,40.9
1550,147.2,197.2,224.1,189.5,39.1
1551,145.9,196.7,222.9,188.5,39.1
1552,145.2,197.3,227.7,190.1,41.7
1553,145.6,197.7,228.6,190.6,42.0
1554,145.9,194.0,225.9,188.6,40.2
1555,148.6,197.2,224.3,190.0,38.4
1556,148.9,199.9,226.8,191.9,39.6
1557,149.6,200.5,223.5,191.2,37.8
1558,149.0,200.7,226.2,192.0,39.3
1559,147.8,198.8,223.2,190.0,38.5
1560,149.5,200.7,226.6,192.2,39.2
1561,148.9,200.0,224.0,191.0,38.4
1562,151.1,200.3,224.9,192.1,37.6
1563,151.7,200.3,222.6,191.5,36.3
1564,151.8,198.9,225.6,192.1,37.4
1565,150.7,201.5,224.0,192.1,37.6
1566,151.5,199.7,221.3,190.8,35.8
1567,151.9,200.3,221.8,191.3,35.8
1568,156.7,203.0,222.9,194.2,34.0
1569,153.8,197.4,222.7,191.3,34.8
1570,153.2,199.4,225.2,192.6,36.5
1571,153.0,198.2,217.7,189.6,33.2
1572,153.0,201.0,226.6,193.5,37.4
1573,152.6,199.7,222.8,191.7,35.8
1574,153.3,201.5,219.5,191.4,34.2
1575,151.7,201.2,221.4,191.4,35.9
1576,155.6,196.2,218.8,190.2,32.1
1577,153.3,198.6,220.4,190.8,34.2
1578,154.3,200.1,223.8,192.7,35.3
1579,156.8,203.7,222.4,194.3,33.8
1580,153.5,197.8,218.7,190.0,33.3
1581,154.1,201.2,219.7,191.7,33.8
1582,156.0,200.6,218.1,191.5,32.0
1583,151.8,200.6,220.6,191.0,35.4
1584,154.7,199.8,217.3,190.6,32.3
1585,154.9,199.8,216.9,190.5,32.0
1586,155.4,201.2,218.0,191.5,32.4
1587,155.1,198.2,217.1,190.1,31.7
1588,156.1,201.3,219.5,192.3,32.7
1589,155.3,198.4,216.6,190.1,31.5
1590,154.9,199.8,217.7,190.8,32.3
1591,157.7,198.2,217.6,191.2,30.6
1592,154.7,200.4,216.7,190.6,32.1
1593,155.9,200.9,216.0,190.9,31.3
1594,151.4,199.9,218.8,190.0,34.8
1595,153.4,199.9,217.2,190.2,33.0
1596,154.5,198.2,219.7,190.8,33.2
1597,157.2,202.2,213.9,191.1,29.9
1598,154.7,195.7,216.5,189.0,31.5
1599,156.1,201.8,219.8,192.6,32.8
1600,155.5,198.6,219.5,191.2,32.6
1601,157.2,200.3,217.8,191.8,31.2
1602,154.6,198.9,212.4,188.6,30.2
1603,155.8,201.4,218.3,191.8,32.3
1604,157.1,198.8,213.4,189.8,29.2
1605,156.0,201.9,216.1,191.4,31.4
1606,154.0,201.5,218.2,191.2,33.3
1607,157.6,201.8,216.6,192.0,30.7
1608,156.5,202.2,216.3,191.7,31.3
1609,160.5,200.8,219.5,193.6,30.1
1610,158.0,200.3,218.0,192.1,30.8
1611,158.1,197.7,214.5,190.1,29.0
1612,157.3,200.8,217.6,191.9,31.1
1613,159.7,199.6,218.4,192.6,30.0
1614,161.0,198.8,216.2,192.0,28.2
1615,160.3,198.6,218.1,192.3,29.4
1616,159.9,200.3,218.1,192.8,29.8
1617,161.6,200.2,217.5,193.1,28.6
1618,160.4,201.6,216.3,192.8,29.0
1619,159.2,199.7,215.9,191.6,29.2
1620,160.4,198.3,215.7,191.5,28.3
1621,161.3,198.6,214.2,191.4,27.2
1622,164.4,198.9,219.9,194.4,28.0
1623,162.9,198.2,214.0,191.7,26.2
1624,162.0,198.1,215.0,191.7,27.1
1625,163.9,203.3,215.0,194.1,26.7
1626,162.6,199.3,214.4,192.1,26.6
1627,162.8,199.6,215.6,192.7,27.1
1628,163.4,196.0,212.0,190.5,24.7
1629,167.6,199.4,217.2,194.7,25.1
1630,167.2,200.2,211.2,192.9,22.9
1631,167.6,199.3,219.3,195.4,26.1
1632,165.9,197.5,210.0,191.1,22.7
1633,164.5,195.8,213.7,191.3,24.9
1634,165.4,197.9,213.8,192.4,24.7
1635,166.6,198.7,209.1,191.5,22.1
1636,167.2,197.5,212.1,192.3,22.9
1637,164.8,196.0,215.0,192.0,25.3
1638,167.2,196.5,213.5,192.4,23.4
1639,167.5,197.8,211.2,192.2,22.4
1640,167.2,197.5,215.0,193.3,24.2
1641,166.8,196.8,210.5,191.4,22.3
1642,169.2,199.5,211.1,193.3,21.6
1643,166.4,198.0,213.1,192.5,23.9
1644,168.1,200.9,214.7,194.6,23.9
1645,168.5,198.2,209.0,191.9,21.0
1646,167.5,199.2,215.6,194.1,24.4
1647,167.2,197.6,208.8,191.2,21.5
1648,170.7,198.8,207.4,192.3,19.2
1649,167.6,199.2,213.9,193.5,23.7
1650,173.6,203.1,209.5,195.4,19.2
1651,170.7,199.0,209.3,193.0,20.0
1652,171.7,196.8,208.9,192.5,19.0
1653,169.8,199.5,209.7,193.0,20.7
1654,171.6,202.3,211.3,195.1,20.8
1655,169.2,200.3,205.0,191.5,19.5
1656,171.1,201.6,211.1,194.6,20.9
1657,169.5,198.9,211.3,193.2,21.4
1658,171.1,199.1,211.8,194.0,20.8
1659,169.7,200.8,210.1,193.5,21.2
1660,170.7,200.6,204.1,191.8,18.4
1661,170.0,196.9,212.5,193.1,21.5
1662,169.4,198.2,206.3,191.3,19.4
1663,171.9,194.0,206.4,190.8,17.5
1664,170.2,200.5,210.4,193.7,21.0
1665,172.6,198.6,211.4,194.2,19.8
1666,174.7,196.4,209.0,193.4,17.3
1667,171.7,196.1,205.5,191.1,17.4
1668,172.9,198.5,211.3,194.2,19.5
1669,171.7,195.4,207.0,191.4,18.0
1670,172.1,193.9,206.7,190.9,17.5
1671,172.6,199.1,208.4,193.4,18.6
1672,173.9,197.3,202.2,191.1,15.2
1673,174.2,198.0,206.1,192.8,16.6
1674,173.6,197.6,208.5,193.2,17.9
1675,174.5,196.3,205.7,192.2,16.0
1676,176.1,198.1,207.5,193.9,16.1
1677,176.5,197.5,211.0,195.0,17.4
1678,178.0,197.1,207.4,194.2,14.9
1679,180.5,198.6,207.8,195.6,13.9
1680,178.7,198.8,202.3,193.3,12.7
1681,177.5,195.6,207.6,193.6,15.2
1682,179.7,199.1,204.5,194.4,13.0
1683,179.9,197.8,204.1,194.0,12.5
1684,178.9,199.9,206.3,195.0,14.3
1685,181.7,195.6,204.4,193.9,11.4
1686,180.2,200.7,205.0,195.3,13.3
1687,180.5,198.9,209.0,196.1,14.5
1688,181.0,198.3,207.2,195.5,13.3
1689,182.7,197.7,207.5,196.0,12.5
1690,186.9,198.9,207.9,197.9,10.5
1691,181.9,198.4,202.5,194.3,10.9
1692,186.5,194.0,203.9,194.8,8.7
1693,188.2,198.9,204.5,197.2,8.3
1694,183.3,198.6,205.5,195.8,11.3
1695,186.6,200.5,205.2,197.4,9.7
1696,183.0,196.7,205.5,195.1,11.3
1697,184.5,204.0,202.5,197.0,10.9
1698,183.1,201.3,204.8,196.4,11.7
1699,189.1,201.1,204.3,198.2,8.0
1700,190.8,200.0,209.8,200.2,9.5
1701,187.2,198.2,202.3,195.9,7.8
1702,191.3,197.6,204.0,197.6,6.4
1703,189.3,200.8,203.8,198.0,7.7
1704,192.1,196.5,205.0,197.9,6.6
1705,192.4,197.3,206.2,198.6,6.9
1706,191.9,199.8,200.9,197.5,4.9
1707,193.1,198.7,204.6,198.8,5.7
1708,196.6,194.9,204.2,198.6,4.9
1709,194.6,198.8,205.1,199.5,5.2
1710,195.6,198.0,204.3,199.3,4.5
1711,192.5,198.5,206.1,199.0,6.8
1712,196.1,201.4,201.4,199.6,3.0
1713,198.2,199.9,206.3,201.5,4.3
1714,196.0,198.6,207.4,200.7,5.9
1715,197.0,196.9,203.4,199.1,3.7
1716,199.5,199.9,206.3,201.9,3.8
1717,195.8,197.5,206.3,199.9,5.6
1718,199.0,196.6,202.3,199.3,2.9
1719,198.8,197.2,206.0,200.7,4.7
1720,200.6,195.1,206.0,200.6,5.5
1721,200.2,197.4,205.4,201.0,4.1
1722,202.2,196.6,206.9,201.9,5.1
1723,201.5,196.8,206.0,201.4,4.6
1724,199.9,196.4,204.8,200.4,4.2
1725,201.2,194.8,201.6,199.2,3.8
1726,201.8,196.7,206.1,201.5,4.7
1727,204.0,196.3,205.2,201.8,4.8
1728,208.1,196.1,207.1,203.7,6.7
1729,203.5,198.7,206.4,202.9,3.9
1730,207.9,195.2,202.3,201.8,6.4
1731,205.0,195.3,208.1,202.8,6.7
1732,203.5,195.7,205.8,201.7,5.3
1733,208.1,193.6,203.7,201.8,7.4
1734,208.1,193.8,204.1,202.0,7.4
1735,208.7,196.1,202.9,202.6,6.3
1736,210.8,193.8,206.9,203.8,8.9
1737,207.4,192.6,202.8,201.0,7.6
1738,210.5,195.7,207.1,204.5,7.7
1739,207.1,194.6,204.6,202.1,6.6
1740,211.9,190.0,203.8,201.9,11.0
1741,213.4,193.3,204.1,203.6,10.1
1742,210.2,194.4,207.1,203.9,8.4
1743,209.0,193.7,205.0,202.5,8.0
1744,209.7,190.9,208.9,203.1,10.6
1745,211.1,190.5,205.0,202.2,10.6
1746,211.0,192.4,207.7,203.7,9.9
1747,212.1,189.8,205.5,202.5,11.4
1748,213.5,191.3,204.4,203.1,11.1
1749,210.9,192.7,204.4,202.7,9.2
1750,206.5,188.6,204.6,199.9,9.8
1751,209.0,188.8,208.0,201.9,11.4
1752,205.9,187.3,203.8,199.0,10.2
1753,208.9,193.9,206.5,203.1,8.1
1754,209.9,194.3,208.7,204.3,8.7
1755,205.9,191.2,201.6,199.6,7.6
1756,207.6,190.7,204.6,201.0,9.0
1757,209.2,188.8,205.7,201.2,10.9
1758,206.4,189.1,206.2,200.5,10.0
1759,204.8,190.5,203.9,199.8,8.0
1760,208.5,190.7,206.3,201.8,9.7
1761,206.3,190.9,208.8,202.0,9.7
1762,207.9,189.8,205.6,201.1,9.8
1763,208.0,185.1,204.7,199.2,12.4
1764,207.5,188.9,206.8,201.1,10.5
1765,206.9,186.4,205.2,199.5,11.3
1766,206.4,185.8,202.6,198.3,11.0
1767,204.9,188.3,203.8,199.0,9.3
1768,203.8,185.2,205.8,198.2,11.4
1769,205.0,187.1,207.4,199.8,11.1
1770,204.5,184.6,204.6,197.9,11.5
1771,205.1,186.8,207.3,199.7,11.2
1772,206.7,184.7,206.6,199.3,12.6
1773,205.8,183.8,201.7,197.1,11.7
1774,208.1,187.6,202.4,199.4,10.6
1775,203.5,185.3,202.5,197.1,10.2
1776,207.5,183.5,198.9,196.6,12.1
1777,205.9,182.4,203.8,197.4,13.0
1778,203.0,185.2,202.2,196.8,10.0
1779,207.0,188.3,200.1,198.5,9.5
1780,206.8,185.4,200.6,197.6,11.0
1781,204.9,182.6,206.9,198.2,13.5
1782,204.3,183.6,206.2,198.0,12.5
1783,199.1,185.0,203.6,195.9,9.7
1784,205.6,183.2,202.6,197.1,12.1
1785,202.9,181.6,199.7,194.7,11.5
1786,202.4,187.2,203.2,197.6,9.0
1787,202.3,184.0,202.6,196.3,10.7
1788,203.7,183.5,205.5,197.6,12.2
1789,201.5,180.6,201.6,194.6,12.1
1790,201.1,181.4,206.3,196.3,13.1
1791,201.1,185.5,202.9,196.5,9.5
1792,205.9,185.2,202.8,197.9,11.2
1793,202.5,180.6,202.5,195.2,12.6
1794,204.3,182.5,207.3,198.0,13.6
1795,204.0,182.3,199.6,195.3,11.5
1796,203.6,181.6,201.2,195.5,12.1
1797,206.4,182.3,200.9,196.5,12.6
1798,207.1,185.3,201.6,198.0,11.3
1799,207.4,182.2,205.9,198.5,14.1
1800,205.3,183.2,201.6,196.7,11.8
1801,206.4,179.7,198.9,195.0,13.8
1802,203.7,180.9,198.8,194.5,12.0
1803,208.9,183.3,201.0,197.7,13.1
1804,205.9,183.0,202.7,197.2,12.4
1805,211.2,182.1,199.9,197.7,14.7
1806,210.9,184.5,197.7,197.7,13.2
1807,206.2,183.7,200.7,196.9,11.8
1808,211.7,182.6,198.6,197.6,14.6
1809,209.7,183.3,196.6,196.5,13.2
1810,208.0,183.0,200.0,197.0,12.8
1811,208.7,184.5,198.5,197.2,12.2
1812,208.7,180.6,198.1,195.8,14.2
1813,210.6,180.7,197.6,196.3,15.0
1814,207.1,181.6,200.9,196.5,13.3
1815,211.0,181.2,197.9,196.7,14.9
1816,208.5,180.5,197.6,195.6,14.1
1817,210.2,181.1,198.1,196.5,14.6
1818,208.3,183.0,196.1,195.8,12.7
1819,209.9,180.2,197.0,195.7,14.9
1820,213.2,183.3,196.3,197.6,15.0
1821,210.1,180.8,194.3,195.0,14.7
1822,214.3,181.2,197.3,197.6,16.5
1823,210.0,184.3,191.9,195.4,13.2
1824,210.8,178.1,194.7,194.5,16.3
1825,212.9,179.7,192.3,195.0,16.8
1826,211.8,181.8,195.2,196.3,15.0
1827,214.2,178.2,193.0,195.1,18.1
1828,213.6,182.1,194.4,196.7,15.9
1829,212.9,176.2,195.5,194.9,18.3
1830,213.4,181.0,190.2,194.9,16.7
1831,215.9,180.3,194.3,196.8,17.9
1832,212.7,180.4,196.7,196.6,16.2
1833,214.9,178.1,192.8,195.3,18.6
1834,216.7,180.6,193.2,196.9,18.3
1835,220.4,178.2,191.4,196.7,21.5
1836,218.1,177.8,188.6,194.8,20.9
1837,217.2,177.9,193.3,196.1,19.8
1838,217.7,177.8,192.8,196.1,20.2
1839,215.5,180.1,188.7,194.8,18.5
1840,218.2,180.3,188.4,195.6,20.0
1841,219.0,177.6,190.6,195.7,21.2
1842,221.2,176.6,186.5,194.8,23.4
1843,221.5,180.2,186.8,196.1,22.2
1844,218.0,179.3,190.4,195.9,19.9
1845,217.5,182.1,187.8,195.8,19.0
1846,217.5,180.9,188.5,195.6,19.3
1847,220.1,178.3,186.9,195.1,22.1
1848,215.5,177.8,187.9,193.7,19.5
1849,217.7,177.6,185.4,193.6,21.3
1850,218.8,177.0,184.3,193.4,22.3
1851,224.0,180.9,188.1,197.7,23.1
1852,216.9,179.0,188.0,194.6,19.8
1853,216.3,176.9,188.7,194.0,20.2
1854,218.4,178.3,183.9,193.5,21.7
1855,216.5,176.8,182.6,191.9,21.4
1856,220.7,181.9,185.0,195.9,21.6
1857,222.3,175.6,184.5,194.1,24.8
1858,219.8,178.4,185.5,194.6,22.1
1859,215.8,178.5,182.4,192.2,20.5
1860,221.3,175.9,183.8,193.6,24.3
1861,222.0,177.4,182.4,193.9,24.4
1862,220.0,179.2,182.9,194.0,22.5
1863,222.2,178.5,183.5,194.7,23.9
1864,220.0,179.3,184.3,194.5,22.2
1865,219.9,179.9,183.0,194.3,22.2
1866,217.1,176.9,179.2,191.1,22.6
1867,221.3,177.8,181.2,193.4,24.2
1868,217.8,176.2,180.9,191.6,22.8
1869,222.9,176.1,183.9,194.3,25.1
1870,221.6,179.2,182.7,194.5,23.5
1871,217.5,175.0,179.2,190.6,23.4
1872,221.1,175.9,180.7,192.6,24.8
1873,221.1,178.9,180.1,193.4,24.0
1874,219.4,175.0,181.6,192.0,24.0
1875,222.3,177.6,182.6,194.2,24.5
1876,222.0,178.9,176.4,192.4,25.7
1877,217.5,175.3,181.0,191.3,22.9
1878,220.8,175.4,178.7,191.6,25.3
1879,218.8,175.3,180.8,191.6,23.7
1880,220.4,176.7,179.0,192.0,24.6
1881,219.4,177.8,177.0,191.4,24.2
1882,222.0,176.0,180.6,192.9,25.3
1883,218.6,173.5,181.1,191.0,24.1
1884,219.5,177.1,179.4,192.0,23.8
1885,219.9,175.3,176.0,190.4,25.6
1886,219.2,174.4,176.9,190.2,25.1
1887,220.1,175.4,177.1,190.9,25.3
1888,217.4,175.5,175.5,189.5,24.2
1889,223.2,174.3,176.7,191.4,27.6
1890,218.7,173.4,176.8,189.6,25.2
1891,214.7,174.2,175.8,188.2,23.0
1892,218.5,173.7,177.2,189.8,24.9
1893,217.3,172.7,176.3,188.8,24.8
1894,218.3,176.8,180.5,191.9,23.0
1895,219.2,176.2,177.1,190.8,24.6
1896,221.8,176.4,173.3,190.5,27.2
1897,220.2,171.1,178.9,190.1,26.4
1898,220.1,173.0,176.0,189.7,26.4
1899,215.4,172.3,176.5,188.0,23.8
1900,217.1,171.5,178.6,189.0,24.5
1901,218.3,172.1,176.5,188.9,25.5
1902,218.3,171.1,176.9,188.8,25.7
1903,215.4,171.2,176.6,187.7,24.1
1904,217.6,172.2,177.0,189.0,24.9
1905,218.6,170.9,177.9,189.1,25.7
1906,213.2,173.2,178.2,188.2,21.8
1907,218.5,169.8,175.7,188.0,26.5
1908,213.7,173.8,176.4,188.0,22.3
1909,213.0,174.6,176.6,188.1,21.6
1910,213.3,170.9,179.0,187.7,22.5
1911,213.1,170.1,176.6,186.6,23.2
1912,213.6,173.6,177.4,188.2,22.1
1913,214.5,172.6,175.4,187.5,23.4
1914,215.4,173.4,171.8,186.8,24.7
1915,213.0,173.2,176.0,187.4,22.2
1916,213.4,171.2,174.9,186.5,23.4
1917,214.0,171.1,174.7,186.6,23.8
1918,215.7,174.1,174.1,188.0,24.0
1919,207.3,170.2,173.9,183.8,20.4
1920,210.9,171.3,175.5,185.9,21.7
1921,206.4,175.6,174.0,185.3,18.3
1922,210.7,174.0,173.8,186.2,21.3
1923,207.1,173.0,172.3,184.2,19.9
1924,208.9,172.4,173.5,184.9,20.7
1925,208.7,173.1,173.5,185.1,20.4
1926,207.8,169.5,175.7,184.4,20.6
1927,209.0,170.5,171.4,183.7,22.0
1928,208.9,172.5,173.0,184.8,20.8
1929,208.3,170.9,172.2,183.8,21.2
1930,207.1,170.9,169.9,182.6,21.2
1931,205.9,169.6,173.0,182.8,20.0
1932,209.4,171.2,173.4,184.7,21.4
1933,206.4,169.4,169.6,181.8,21.3
1934,205.8,172.2,173.2,183.8,19.1
1935,203.4,172.4,168.9,181.6,19.0
1936,204.0,171.7,170.1,181.9,19.1
1937,208.3,172.1,173.1,184.5,20.6
1938,208.7,173.1,170.5,184.1,21.3
1939,207.6,169.9,171.5,183.0,21.3
1940,207.7,167.7,170.6,182.0,22.3
1941,206.1,172.6,172.7,183.8,19.3
1942,208.1,169.5,169.5,182.4,22.3
1943,206.6,172.7,172.0,183.8,19.8
1944,208.4,173.0,170.7,184.0,21.1
1945,207.0,170.1,168.4,181.8,21.8
1946,209.3,171.1,168.5,183.0,22.8
1947,206.8,170.8,169.0,182.2,21.3
1948,207.1,169.0,167.2,181.1,22.5
1949,207.9,167.9,169.3,181.7,22.7
1950,208.4,170.4,172.9,183.9,21.3
1951,208.1,172.8,168.8,183.2,21.7
1952,208.3,169.0,168.9,182.0,22.7
1953,210.5,170.2,170.9,183.9,23.1
1954,207.5,171.6,170.8,183.3,20.9
1955,205.5,168.6,169.1,181.1,21.2
1956,205.4,167.5,171.6,181.5,20.8
1957,206.7,169.6,171.7,182.7,20.8
1958,205.1,169.7,167.4,180.7,21.2
1959,208.5,169.3,174.1,184.0,21.4
1960,205.5,168.0,169.9,181.1,21.2
1961,207.8,171.0,170.1,183.0,21.5
1962,210.0,170.2,168.0,182.7,23.7
1963,204.3,167.9,169.7,180.6,20.5
1964,206.4,167.0,168.3,180.6,22.4
1965,211.7,166.6,171.0,183.1,24.9
1966,207.5,167.8,168.9,181.4,22.6
1967,207.1,166.9,165.5,179.8,23.6
1968,204.2,167.4,168.9,180.2,20.8
1969,205.7,170.7,168.6,181.7,20.8
1970,205.3,168.9,169.5,181.3,20.8
1971,209.2,168.1,169.9,182.4,23.2
1972,204.9,170.1,167.8,181.0,20.8
1973,209.9,167.6,169.1,182.2,24.0
1974,208.2,167.5,168.3,181.4,23.3
1975,202.4,168.9,166.2,179.2,20.1
1976,206.4,170.1,167.8,181.4,21.6
1977,203.1,171.0,170.5,181.5,18.7
1978,207.1,170.2,169.0,182.1,21.6
1979,201.2,169.5,170.3,180.3,18.1
1980,203.8,168.1,167.7,179.9,20.7
1981,204.1,166.5,167.1,179.3,21.6
1982,204.0,168.9,168.2,180.4,20.5
1983,203.8,166.9,168.2,179.6,20.9
1984,201.9,166.9,167.8,178.9,20.0
1985,202.3,166.9,166.8,178.6,20.5
1986,202.6,167.1,165.9,178.6,20.9
1987,200.9,168.7,166.8,178.8,19.2
1988,203.2,165.6,165.9,178.2,21.6
1989,201.3,165.7,168.1,178.4,19.9
1990,203.5,166.5,164.0,178.0,22.1
1991,199.3,166.6,167.2,177.7,18.7
1992,203.5,166.5,166.6,178.9,21.3
1993,200.7,165.9,169.5,178.7,19.1
1994,198.7,167.7,168.2,178.2,17.8
1995,197.1,168.1,167.0,177.4,17.0
1996,198.8,166.1,168.9,177.9,18.2
1997,198.8,165.4,167.3,177.2,18.7
1998,198.8,169.1,166.7,178.2,17.9
1999,198.7,166.5,167.7,177.6,18.2
2000,201.6,166.7,166.4,178.2,20.3
2001,196.7,168.7,167.4,177.6,16.6
2002,198.6,169.2,165.3,177.7,18.2
2003,199.0,165.5,166.6,177.0,19.0
2004,198.1,166.8,164.4,176.4,18.8
2005,200.2,165.5,164.8,176.9,20.3
2006,200.0,165.0,164.8,176.6,20.2
2007,198.6,162.7,165.9,175.7,19.9
2008,198.5,167.6,165.1,177.1,18.6
2009,196.9,167.1,166.2,176.7,17.5
2010,194.7,167.5,164.4,175.5,16.7
2011,201.6,169.6,164.4,178.6,20.2
2012,196.6,168.3,166.1,177.0,17.0
2013,199.9,168.2,167.0,178.4,18.7
2014,194.8,169.7,162.7,175.7,16.9
2015,199.6,168.6,163.2,177.1,19.6
2016,196.5,167.8,164.8,176.4,17.5
2017,201.9,167.3,165.6,178.3,20.4
2018,197.3,166.2,163.0,175.5,19.0
2019,197.6,167.5,164.5,176.5,18.3
2020,195.6,168.7,164.4,176.2,16.9
2021,197.2,165.7,162.2,175.0,19.3
2022,200.0,167.0,161.9,176.3,20.7
2023,199.3,166.6,163.6,176.5,19.8
2024,196.6,169.6,160.5,175.6,18.8
2025,195.2,169.3,162.2,175.6,17.4
2026,197.3,166.8,162.4,175.5,19.0
2027,197.1,165.7,162.7,175.2,19.0
2028,193.4,169.9,163.7,175.6,15.7
2029,193.4,165.9,162.3,173.9,17.0
2030,194.4,166.2,163.2,174.6,17.2
2031,192.4,168.5,160.9,173.9,16.4
2032,195.7,165.6,162.9,174.7,18.2
2033,194.9,166.9,160.3,174.1,18.3
2034,194.6,168.3,161.3,174.7,17.5
2035,194.7,167.8,162.2,174.9,17.4
2036,194.7,168.2,162.6,175.1,17.1
2037,195.3,168.4,162.7,175.5,17.4
2038,191.6,169.9,163.6,175.0,14.7
2039,190.2,169.0,161.9,173.7,14.7
2040,192.0,170.8,160.9,174.6,15.9
2041,192.2,170.0,162.5,174.9,15.5
2042,193.3,166.4,162.4,174.0,16.8
2043,191.9,169.2,161.8,174.3,15.7
2044,195.2,168.4,163.3,175.6,17.1
2045,190.3,168.7,163.9,174.3,14.0
2046,192.0,169.0,163.2,174.7,15.2
2047,193.4,167.0,160.0,173.5,17.6
2048,192.7,167.7,163.9,174.8,15.6
2049,190.5,170.5,161.2,174.1,15.0
2050,192.0,168.8,161.9,174.2,15.8
2051,189.8,166.5,161.9,172.7,14.9
2052,190.1,169.4,159.6,173.0,15.6
2053,189.5,167.7,162.4,173.2,14.3
2054,189.3,167.7,161.3,172.8,14.7
2055,189.1,167.5,162.4,173.0,14.1
2056,191.9,169.4,160.7,174.0,16.1
2057,188.5,167.1,159.6,171.7,15.0
2058,191.8,167.5,161.0,173.4,16.2
2059,189.6,167.0,161.9,172.8,14.7
2060,186.2,165.7,161.6,171.2,13.1
2061,188.4,168.1,162.3,172.9,13.7
2062,189.6,167.9,159.4,172.3,15.6
2063,184.5,168.2,162.4,171.7,11.5
2064,184.9,167.5,161.4,171.2,12.2
2065,188.8,169.4,162.0,173.4,13.8
2066,185.0,166.2,162.3,171.2,12.1
2067,181.9,170.3,159.8,170.7,11.0
2068,182.8,165.9,159.3,169.4,12.1
2069,185.9,167.0,159.3,170.7,13.7
2070,186.7,167.5,158.0,170.7,14.6
2071,181.7,166.6,160.5,169.6,10.9
2072,183.5,168.4,158.4,170.1,12.6
2073,185.7,164.5,158.0,169.4,14.5
2074,184.0,166.3,158.8,169.7,12.9
2075,182.1,169.5,160.7,170.8,10.7
2076,184.4,166.4,160.0,170.3,12.7
2077,181.7,167.7,158.3,169.2,11.7
2078,183.5,167.5,157.3,169.4,13.2
2079,181.0,165.7,156.4,167.7,12.4
2080,180.5,167.0,155.8,167.7,12.4
2081,183.7,165.6,155.9,168.4,14.1
2082,184.2,166.4,160.6,170.4,12.3
2083,183.3,165.9,157.6,168.9,13.1
2084,182.4,166.3,156.8,168.5,12.9
2085,179.7,163.6,157.6,167.0,11.4
2086,180.9,163.7,157.0,167.2,12.3
2087,177.7,165.7,154.1,165.8,11.8
2088,180.4,165.0,155.8,167.1,12.4
2089,181.4,164.3,156.3,167.4,12.8
2090,183.2,165.8,155.5,168.2,14.0
2091,180.9,163.4,156.6,167.0,12.6
2092,179.0,165.3,155.6,166.7,11.8
2093,181.3,167.9,155.2,168.1,13.0
2094,177.5,170.5,156.6,168.2,10.6
2095,180.3,164.0,152.9,165.7,13.8
2096,177.5,165.4,155.0,165.9,11.3
2097,182.0,165.5,155.6,167.7,13.3
2098,178.5,166.6,155.5,166.9,11.5
2099,180.5,163.5,155.2,166.4,12.9
2100,179.7,165.7,153.5,166.3,13.1
2101,181.8,167.5,155.0,168.1,13.4
2102,177.5,167.0,151.9,165.5,12.9
2103,177.4,165.0,152.7,165.0,12.3
2104,176.9,164.5,153.9,165.1,11.5
2105,178.0,164.5,155.4,166.0,11.4
2106,181.2,166.5,154.1,167.3,13.5
2107,179.4,165.0,151.1,165.1,14.1
2108,175.9,167.0,154.9,165.9,10.5
2109,179.7,165.9,152.5,166.0,13.6
2110,176.6,165.2,150.2,164.0,13.2
2111,178.0,166.3,154.4,166.2,11.8
2112,176.8,164.9,152.3,164.7,12.3
2113,176.9,165.5,153.3,165.2,11.8
2114,176.7,164.7,152.0,164.4,12.4
2115,174.3,163.2,153.1,163.6,10.6
2116,177.5,166.6,150.8,164.9,13.4
2117,178.0,164.1,154.3,165.5,11.9
2118,174.7,164.0,151.8,163.5,11.4
2119,175.5,165.6,151.4,164.2,12.1
2120,175.5,165.5,152.5,164.5,11.6
2121,177.9,165.4,153.8,165.7,12.1
2122,177.8,165.5,151.0,164.8,13.4
2123,176.9,164.6,153.0,164.8,11.9
2124,175.9,165.1,151.0,164.0,12.5
2125,176.6,165.2,150.2,164.0,13.2
2126,175.3,167.2,152.5,165.0,11.5
2127,176.3,165.0,149.6,163.6,13.4
2128,172.7,163.1,151.3,162.4,10.7
2129,172.6,164.5,152.6,163.2,10.1
2130,174.9,167.1,152.7,164.9,11.3
2131,175.3,165.8,149.7,163.6,12.9
2132,174.1,165.8,149.1,163.0,12.7
2133,177.7,166.9,151.6,165.4,13.1
2134,174.3,164.6,151.4,163.4,11.5
2135,171.5,168.4,149.7,163.2,11.8
2136,175.6,167.8,149.4,164.3,13.5
2137,171.8,165.9,150.3,162.7,11.1
2138,173.8,168.3,151.8,164.6,11.4
2139,172.9,165.2,149.1,162.4,12.2
2140,175.4,166.7,146.9,163.0,14.6
2141,174.2,166.5,148.5,163.1,13.2
2142,171.6,167.7,150.3,163.2,11.3
2143,171.0,166.7,148.7,162.1,11.8
2144,173.0,166.6,147.6,162.4,13.2
2145,170.2,166.2,148.5,161.7,11.5
2146,172.7,167.8,148.9,163.1,12.6
2147,174.3,168.3,147.2,163.3,14.2
2148,170.0,168.9,148.1,162.3,12.3
2149,174.1,165.0,146.5,161.9,14.0
2150,174.5,166.8,147.9,163.1,13.7
2151,171.6,168.0,147.5,162.4,13.0
2152,174.1,166.3,147.7,162.7,13.6
2153,173.7,166.7,146.0,162.1,14.4
2154,174.4,168.7,145.8,162.9,15.2
2155,175.1,168.8,146.2,163.4,15.2
2156,170.5,165.6,146.2,160.8,12.9
2157,174.0,166.9,147.9,162.9,13.5
2158,174.7,167.8,142.8,161.8,16.8
2159,172.5,165.8,144.9,161.1,14.4
2160,174.7,169.0,145.2,163.0,15.7
2161,173.5,165.5,145.5,161.5,14.4
2162,173.7,165.3,146.2,161.8,14.1
2163,172.5,167.6,146.3,162.1,14.0
2164,172.4,164.1,145.7,160.7,13.6
2165,172.5,167.8,143.9,161.4,15.3
2166,168.9,163.8,145.0,159.2,12.6
2167,170.6,164.2,144.9,159.9,13.4
2168,171.0,166.4,145.3,160.9,13.7
2169,172.6,166.7,143.4,160.9,15.4
2170,171.8,164.3,143.8,160.0,14.5
2171,170.4,165.2,142.7,159.4,14.8
2172,171.2,165.1,143.2,159.8,14.7
2173,170.4,165.2,142.7,159.4,14.7
2174,171.0,167.8,141.1,160.0,16.4
2175,172.8,165.9,145.2,161.3,14.4
2176,170.6,166.1,143.2,159.9,14.7
2177,169.1,163.6,143.4,158.7,13.5
2178,175.2,167.4,143.7,162.1,16.4
2179,168.2,165.2,143.2,158.9,13.7
2180,167.3,166.8,144.3,159.5,13.1
2181,169.9,165.6,144.0,159.8,13.9
2182,170.4,164.6,139.7,158.2,16.3
2183,172.8,165.4,141.2,159.8,16.5
2184,172.7,164.9,141.9,159.8,16.0
2185,169.8,164.4,140.2,158.1,15.8
2186,170.4,163.5,142.2,158.7,14.7
2187,169.5,164.7,142.1,158.8,14.6
2188,169.5,163.7,141.5,158.2,14.8
2189,166.5,164.2,140.5,157.1,14.4
2190,169.5,165.5,139.9,158.3,16.0
2191,166.6,164.7,140.3,157.2,14.7
2192,166.1,167.1,138.8,157.3,16.0
2193,169.0,169.3,141.5,160.0,15.9
2194,169.8,165.4,140.0,158.4,16.1
2195,169.5,165.5,141.4,158.8,15.2
2196,167.7,166.0,139.0,157.5,16.1
2197,167.0,164.2,140.2,157.1,14.7
2198,165.7,163.6,142.5,157.3,12.8
2199,165.1,164.8,139.8,156.6,14.5
2200,164.2,164.1,141.9,156.7,12.8
2201,166.3,165.1,138.7,156.7,15.6
2202,166.0,163.9,140.1,156.7,14.3
2203,166.5,164.3,138.4,156.4,15.7
2204,163.1,163.5,138.0,154.9,14.6
2205,166.8,165.9,140.8,157.9,14.8
2206,164.6,168.0,139.6,157.4,15.5
2207,164.8,163.5,141.1,156.4,13.3
2208,166.6,164.4,139.5,156.8,15.1
2209,166.4,164.0,136.8,155.7,16.4
2210,165.0,162.2,137.2,154.8,15.3
2211,165.5,161.2,135.1,153.9,16.5
2212,166.5,162.2,137.2,155.3,15.8
2213,164.9,164.1,139.0,156.0,14.7
2214,165.5,163.2,136.5,155.0,16.1
2215,166.1,163.5,135.7,155.1,16.9
2216,163.4,162.8,137.9,154.7,14.6
2217,164.8,163.6,140.6,156.3,13.6
2218,162.9,161.9,137.0,154.0,14.7
2219,160.7,162.4,136.8,153.3,14.3
2220,161.0,161.0,137.1,153.0,13.8
2221,162.5,162.8,135.2,153.5,15.9
2222,163.3,165.3,136.1,154.9,16.3
2223,161.5,163.6,136.2,153.8,15.3
2224,160.9,163.4,134.6,152.9,16.0
2225,163.9,162.2,134.2,153.4,16.7
2226,159.9,164.3,135.0,153.1,15.8
2227,162.0,161.0,134.0,152.3,15.8
2228,160.6,161.6,136.1,152.8,14.4
2229,160.0,162.3,133.7,152.0,15.9
2230,160.5,160.9,135.1,152.2,14.8
2231,160.7,163.0,135.2,153.0,15.4
2232,161.7,164.4,136.2,154.1,15.6
2233,158.1,163.0,134.1,151.7,15.5
2234,161.4,159.9,132.7,151.3,16.1
2235,162.8,162.4,135.2,153.5,15.8
2236,161.3,163.7,135.0,153.3,16.0
2237,160.0,162.7,134.9,152.5,15.3
2238,161.1,162.8,133.1,152.3,16.7
2239,157.3,163.6,135.9,152.3,14.5
2240,161.4,161.9,132.1,151.8,17.1
2241,158.9,162.1,136.0,152.3,14.2
2242,159.1,163.7,132.9,151.9,16.6
2243,159.0,162.2,133.9,151.7,15.5
2244,158.0,161.5,135.2,151.6,14.3
2245,158.8,161.1,130.6,150.2,17.0
2246,161.4,162.5,132.7,152.2,16.9
2247,159.9,162.3,130.2,150.8,17.9
2248,157.1,163.4,130.3,150.2,17.6
2249,159.8,162.8,130.7,151.1,17.7
2250,158.5,158.8,132.3,149.9,15.2
2251,158.9,163.9,129.9,150.9,18.4
2252,162.2,159.5,130.3,150.7,17.7
2253,161.3,160.2,128.1,149.9,18.8
2254,158.7,163.7,130.7,151.0,17.8
2255,156.3,160.0,127.5,148.0,17.8
2256,157.0,160.5,129.1,148.9,17.2
2257,159.7,161.3,128.0,149.7,18.7
2258,159.5,160.9,128.4,149.6,18.4
2259,157.4,162.8,127.0,149.1,19.3
2260,155.7,161.7,129.0,148.8,17.4
2261,158.7,162.4,128.4,149.9,18.6
2262,157.8,163.2,127.9,149.6,19.0
2263,158.4,162.5,123.7,148.2,21.3
2264,157.3,162.0,126.4,148.6,19.4
2265,157.9,161.5,125.4,148.3,19.9
2266,157.5,161.1,124.9,147.9,19.9
2267,154.9,162.5,125.5,147.6,19.5
2268,156.8,163.0,125.3,148.3,20.2
2269,156.3,164.3,125.3,148.6,20.6
2270,156.4,162.2,125.2,147.9,19.9
2271,155.6,161.4,122.6,146.5,20.9
2272,155.9,163.2,124.4,147.8,20.6
2273,157.2,160.7,122.7,146.9,21.0
2274,155.2,161.6,122.3,146.4,21.1
2275,154.2,159.1,122.6,145.3,19.8
2276,155.9,157.8,124.2,146.0,18.9
2277,154.9,159.2,120.8,145.0,21.0
2278,155.9,157.8,123.0,145.6,19.5
2279,156.0,162.9,121.0,146.6,22.4
2280,153.6,159.3,122.1,145.0,20.0
2281,154.1,159.6,121.9,145.2,20.4
2282,155.3,158.5,119.3,144.4,21.8
2283,151.6,158.8,120.4,143.6,20.4
2284,152.9,156.4,120.7,143.3,19.7
2285,153.9,158.9,121.4,144.7,20.4
2286,155.3,158.3,121.4,145.0,20.5
2287,153.1,156.8,119.5,143.1,20.6
2288,153.1,159.1,120.2,144.1,20.9
2289,154.1,159.3,119.3,144.2,21.7
2290,153.7,159.5,117.3,143.5,22.9
2291,151.2,159.3,116.7,142.4,22.7
2292,156.0,157.4,118.4,143.9,22.1
2293,154.2,157.5,118.5,143.4,21.7
2294,150.5,155.2,115.2,140.3,21.9
2295,150.7,158.0,116.6,141.8,22.1
2296,151.0,157.5,117.5,142.0,21.5
2297,150.5,159.1,114.5,141.4,23.7
2298,151.5,157.6,116.3,141.8,22.3
2299,152.1,156.9,116.2,141.7,22.3
2300,150.7,157.2,116.4,141.4,21.9
2301,152.7,155.2,115.3,141.1,22.4
2302,150.0,157.9,113.9,140.6,23.5
2303,151.8,161.2,112.2,141.7,26.0
2304,152.0,156.2,113.7,140.6,23.4
2305,151.6,155.7,113.6,140.3,23.2
2306,149.9,157.4,111.0,139.4,24.9
2307,152.1,157.4,112.4,140.6,24.6
2308,149.6,156.0,112.5,139.4,23.5
2309,149.3,156.3,113.1,139.6,23.2
2310,149.4,157.0,113.1,139.8,23.5
2311,151.3,155.9,112.9,140.0,23.6
2312,151.3,159.0,111.7,140.7,25.4
2313,151.6,156.6,112.1,140.1,24.4
2314,147.6,157.4,111.5,138.8,24.2
2315,150.5,156.8,109.5,138.9,25.7
2316,149.2,155.7,111.6,138.8,23.8
2317,149.5,157.1,110.8,139.1,24.8
2318,150.9,156.0,108.4,138.4,26.1
2319,148.3,154.9,110.8,138.0,23.8
2320,150.7,155.4,111.4,139.2,24.2
2321,148.6,155.8,110.7,138.3,24.2
2322,149.6,157.1,109.6,138.8,25.5
2323,148.1,157.2,109.5,138.3,25.3
2324,149.2,154.7,107.8,137.2,25.7
2325,148.3,152.6,108.9,136.6,24.1
2326,147.3,155.7,109.3,137.5,24.8
2327,150.3,155.9,107.5,137.9,26.5
2328,148.4,154.1,108.7,137.1,24.7
2329,148.4,155.8,107.5,137.2,26.0
2330,149.4,153.9,107.6,137.0,25.5
2331,148.4,154.4,106.8,136.5,25.9
2332,147.3,153.8,108.5,136.6,24.5
2333,149.9,152.1,107.0,136.3,25.4
2334,147.9,154.8,107.2,136.6,25.8
2335,146.4,153.1,108.6,136.0,24.0
2336,147.2,153.9,107.2,136.1,25.3
2337,147.6,152.8,105.0,135.1,26.2
2338,148.3,151.9,107.7,136.0,24.6
2339,146.9,152.9,105.9,135.2,25.5
2340,148.2,153.0,105.3,135.5,26.3
2341,147.7,154.6,105.6,136.0,26.5
2342,144.6,154.2,103.7,134.2,26.8
2343,146.6,152.2,104.0,134.3,26.4
2344,146.6,151.9,105.1,134.5,25.6
2345,145.3,153.2,101.9,133.5,27.7
2346,147.3,155.1,103.6,135.3,27.8
2347,147.3,155.2,103.2,135.2,28.0
2348,145.9,153.1,101.5,133.5,27.9
2349,147.1,154.8,101.4,134.4,28.9
2350,145.8,152.5,102.4,133.6,27.2
2351,148.1,153.7,101.5,134.5,28.7
2352,147.5,152.3,101.4,133.7,28.1
2353,144.8,154.1,100.2,133.0,28.8
2354,144.7,152.8,101.9,133.1,27.3
2355,144.6,151.3,101.6,132.5,27.0
2356,148.0,151.4,99.0,132.8,29.3
2357,144.5,155.8,99.7,133.3,29.7
2358,147.6,152.1,98.6,132.8,29.6
2359,143.6,153.9,100.9,132.8,28.1
2360,145.7,153.9,98.2,132.6,30.1
2361,142.8,151.9,98.5,131.1,28.5
2362,143.6,152.6,97.3,131.2,29.6
2363,145.1,153.9,99.8,132.9,29.0
2364,144.3,153.4,99.2,132.3,29.0
2365,147.5,151.6,96.2,131.8,30.9
2366,143.1,151.0,96.9,130.3,29.2
2367,144.4,152.8,98.2,131.8,29.4
2368,145.3,154.4,96.4,132.0,31.2
2369,144.1,152.0,96.2,130.8,30.2
2370,143.3,152.9,95.7,130.6,30.6
2371,142.7,152.5,96.1,130.4,30.1
2372,145.1,151.6,95.1,130.6,30.9
2373,142.3,153.9,95.6,130.6,30.8
2374,144.5,151.0,95.0,130.2,30.7
2375,144.5,151.2,95.8,130.5,30.3
2376,143.9,151.1,92.8,129.3,31.8
2377,146.2,149.6,94.0,130.0,31.2
2378,141.7,148.3,93.7,127.9,29.8
2379,144.0,147.8,93.5,128.4,30.4
2380,142.3,147.7,93.0,127.7,30.2
2381,143.4,148.4,92.8,128.2,30.7
2382,143.9,149.4,90.9,128.1,32.3
2383,143.2,146.1,93.1,127.5,29.8
2384,140.9,146.6,91.4,126.3,30.3
2385,143.1,143.3,92.3,126.3,29.4
2386,141.4,145.7,91.2,126.1,30.3
2387,144.2,144.8,90.7,126.6,31.1
2388,142.2,146.4,91.4,126.7,30.6
2389,142.8,144.5,92.6,126.6,29.5
2390,144.1,147.0,91.8,127.7,31.1
2391,140.3,143.3,90.5,124.7,29.7
2392,140.7,145.8,90.4,125.7,30.6
2393,140.8,144.2,89.8,124.9,30.5
2394,140.9,144.3,90.4,125.2,30.2
2395,143.1,144.1,89.6,125.6,31.2
2396,138.7,145.3,90.0,124.7,30.2
2397,141.5,143.9,89.4,124.9,30.8
2398,142.9,145.1,88.9,125.6,31.8
2399,140.8,143.2,89.6,124.5,30.3
2400,139.9,141.1,88.7,123.2,29.9
2401,140.2,144.0,90.0,124.7,30.1
2402,140.2,142.0,88.8,123.7,30.2
2403,138.6,140.7,89.4,122.9,29.1
2404,139.4,140.2,89.3,122.9,29.2
2405,141.2,140.2,88.5,123.3,30.1
2406,139.7,140.6,89.4,123.2,29.3
2407,140.4,142.0,90.1,124.1,29.5
2408,139.9,138.0,88.6,122.2,29.1
2409,140.4,139.0,88.4,122.6,29.6
2410,137.6,139.7,88.2,121.8,29.1
2411,139.2,139.7,88.3,122.4,29.5
2412,137.6,139.3,88.7,121.9,28.8
2413,139.5,138.5,87.9,122.0,29.5
2414,139.9,137.7,86.5,121.4,30.2
2415,138.6,138.9,87.6,121.7,29.5
2416,136.8,139.2,87.2,121.1,29.4
2417,138.8,140.1,87.2,122.0,30.2
2418,138.4,138.4,87.7,121.5,29.3
2419,136.8,136.5,88.1,120.5,28.0
2420,137.6,137.1,87.1,120.6,29.0
2421,138.7,138.9,86.8,121.5,30.0
2422,137.3,135.4,88.7,120.5,27.6
2423,138.1,138.6,87.5,121.4,29.4
2424,136.6,137.8,87.6,120.7,28.7
2425,136.8,136.3,88.2,120.5,28.0
2426,136.7,137.0,89.8,121.2,27.1
2427,136.7,139.2,86.4,120.7,29.8
2428,136.9,136.0,89.0,120.6,27.4
2429,138.6,137.0,88.0,121.2,28.8
2430,135.9,136.9,87.5,120.1,28.2
2431,134.8,134.7,87.0,118.9,27.6
2432,134.7,135.7,85.9,118.8,28.5
2433,140.0,134.7,88.2,121.0,28.5
2434,135.5,133.3,87.4,118.8,27.2
2435,134.8,133.9,86.0,118.2,27.9
2436,138.1,132.0,85.6,118.6,28.7
2437,137.9,133.2,86.4,119.1,28.5
2438,138.3,132.2,86.2,118.9,28.5
2439,138.2,131.6,86.4,118.7,28.2
2440,135.8,130.8,85.2,117.3,27.9
2441,136.7,130.1,86.7,117.9,27.2
2442,136.5,130.9,87.4,118.3,26.9
2443,138.2,130.9,85.9,118.4,28.3
2444,136.2,130.8,85.7,117.5,27.7
2445,136.1,130.5,86.2,117.6,27.3
2446,136.1,129.0,86.7,117.2,26.7
2447,137.1,129.6,85.9,117.5,27.6
2448,136.1,129.7,84.6,116.8,28.1
2449,139.2,131.7,85.9,119.0,28.9
2450,135.3,128.7,85.4,116.5,27.1
2451,137.1,129.6,85.1,117.3,28.1
2452,136.7,128.3,85.6,116.9,27.4
2453,137.9,128.1,85.8,117.3,27.7
2454,138.5,128.4,85.9,117.6,27.9
2455,135.1,128.8,84.7,116.2,27.5
2456,137.0,129.0,84.9,117.0,28.0
2457,137.2,127.7,86.0,117.0,27.2
2458,135.3,128.2,85.9,116.5,26.7
2459,135.5,127.4,85.7,116.2,26.7
2460,137.9,128.3,85.4,117.2,27.9
2461,138.7,126.0,86.4,117.0,27.3
2462,136.4,125.9,85.1,115.8,27.1
2463,138.1,125.1,85.2,116.2,27.6
2464,140.3,126.9,85.7,117.6,28.5
2465,135.6,125.2,85.6,115.5,26.4
2466,140.2,126.4,85.1,117.2,28.7
2467,137.8,125.1,84.0,115.6,28.1
2468,139.0,123.7,85.6,116.1,27.5
2469,136.4,126.7,87.0,116.7,26.2
2470,135.7,126.4,86.1,116.0,26.4
2471,137.0,124.8,86.1,116.0,26.6
2472,139.3,125.4,85.5,116.7,27.9
2473,138.0,124.3,85.7,116.0,27.1
2474,135.3,125.4,86.0,115.6,26.1
2475,135.6,123.9,85.8,115.1,26.1
2476,137.9,125.7,85.3,116.3,27.5
2477,137.1,125.1,86.5,116.3,26.4
2478,137.0,126.9,85.6,116.5,27.3
2479,137.6,124.9,85.9,116.1,26.9
2480,137.9,123.8,86.2,115.9,26.7
2481,138.3,124.0,87.3,116.5,26.3
2482,139.8,124.0,85.2,116.4,28.1
2483,140.7,124.0,86.9,117.2,27.5
2484,139.9,122.9,86.9,116.5,27.0
2485,136.6,122.2,85.7,114.8,26.3
2486,137.1,122.3,88.1,115.8,25.1
2487,134.1,125.1,86.9,115.4,25.0
2488,137.8,123.8,85.6,115.7,27.1
2489,138.3,123.7,88.0,116.7,25.9
2490,136.8,123.9,86.7,115.8,26.0
2491,136.6,122.6,88.1,115.8,25.0
2492,135.9,123.9,86.2,115.3,25.9
2493,136.1,122.1,86.0,114.7,25.9
2494,137.4,125.7,87.3,116.8,26.2
2495,136.0,122.6,85.8,114.8,26.0
2496,135.8,121.5,87.1,114.8,25.0
2497,137.1,120.5,87.2,115.0,25.4
2498,137.2,121.8,86.2,115.1,26.2
2499,135.3,122.4,86.7,114.8,25.2
2500,135.4,121.6,86.3,114.4,25.3
2501,135.6,121.7,87.4,114.9,24.8
2502,136.5,120.2,86.0,114.2,25.8
2503,136.2,120.8,86.5,114.5,25.4
2504,135.6,121.1,87.0,114.6,25.0
2505,136.6,120.4,87.0,114.7,25.3
2506,135.9,118.7,86.6,113.7,25.0
2507,137.3,119.2,86.7,114.4,25.6
2508,133.9,119.3,85.8,113.0,24.7
2509,134.5,120.9,86.0,113.8,25.0
2510,134.3,118.7,86.4,113.2,24.4
2511,135.1,119.7,87.0,113.9,24.6
2512,135.2,119.5,84.8,113.2,25.8
2513,135.2,118.3,85.8,113.1,25.1
2514,133.8,119.3,85.2,112.8,24.9
2515,135.3,117.8,86.0,113.0,25.0
2516,134.3,119.1,84.9,112.8,25.3
2517,134.3,118.4,85.4,112.7,24.9
2518,131.7,118.4,85.9,112.0,23.6
2519,136.2,117.1,85.5,112.9,25.6
2520,136.2,117.0,85.8,113.0,25.4
2521,134.2,114.9,85.1,111.4,24.7
2522,133.3,116.5,83.8,111.2,25.2
2523,133.6,120.3,84.7,112.9,25.3
2524,132.5,116.2,83.5,110.7,25.0
2525,134.6,119.2,85.6,113.1,25.0
2526,133.1,117.3,84.7,111.7,24.7
2527,133.6,116.7,84.2,111.5,25.1
2528,132.8,117.9,85.4,112.0,24.2
2529,133.8,117.0,83.5,111.4,25.6
2530,133.3,116.5,83.9,111.2,25.1
2531,132.4,116.3,84.0,110.9,24.7
2532,133.9,114.4,83.9,110.7,25.2
2533,132.4,114.7,82.5,109.9,25.3
2534,132.2,112.9,83.9,109.7,24.3
2535,132.4,114.1,83.7,110.1,24.6
2536,131.1,113.1,83.0,109.1,24.3
2537,132.5,113.6,82.1,109.4,25.4
2538,128.9,113.9,83.5,108.7,23.1
2539,131.7,113.8,83.1,109.6,24.6
2540,129.6,114.1,83.9,109.2,23.2
2541,130.0,110.9,82.9,107.9,23.7
2542,130.3,112.3,82.5,108.4,24.1
2543,129.3,111.1,83.4,107.9,23.1
2544,130.4,110.6,83.2,108.1,23.7
2545,129.4,112.0,84.0,108.5,22.9
2546,127.2,110.2,83.6,107.0,22.0
2547,129.2,110.7,83.1,107.6,23.2
2548,127.2,110.2,84.5,107.3,21.5
2549,129.3,110.4,83.7,107.8,22.9
2550,129.6,110.1,84.5,108.1,22.6
2551,128.7,109.4,83.5,107.2,22.7
2552,128.7,108.5,80.9,106.1,24.0
2553,128.9,110.1,82.6,107.2,23.3
2554,128.3,107.6,84.1,106.7,22.1
2555,130.2,107.0,81.4,106.2,24.4
2556,128.2,109.2,82.3,106.6,23.0
2557,131.3,108.8,83.3,107.8,24.0
2558,127.9,110.2,83.0,107.0,22.6
2559,127.8,107.0,84.1,106.3,21.9
2560,126.1,105.9,82.8,105.0,21.7
2561,128.2,106.1,83.1,105.8,22.5
2562,126.7,107.0,82.5,105.4,22.2
2563,128.8,106.9,83.3,106.3,22.8
2564,125.6,106.9,82.5,105.0,21.6
2565,126.5,105.5,83.1,105.1,21.7
2566,126.8,104.7,83.0,104.8,21.9
2567,127.9,106.4,81.7,105.3,23.1
2568,125.8,103.7,82.5,104.0,21.6
2569,126.9,105.8,82.8,105.1,22.1
2570,126.1,102.8,83.8,104.2,21.2
2571,125.8,102.3,81.9,103.3,22.0
2572,125.4,102.1,82.9,103.5,21.3
2573,127.6,101.1,83.0,103.9,22.4
2574,126.4,100.8,83.1,103.5,21.8
2575,124.5,101.6,83.3,103.2,20.6
2576,125.2,102.5,83.4,103.7,20.9
2577,124.4,100.6,81.9,102.3,21.3
2578,125.5,100.4,83.7,103.2,21.0
2579,124.9,100.1,82.3,102.5,21.4
2580,121.2,97.7,84.3,101.1,18.7
2581,124.3,100.8,84.1,103.1,20.2
2582,124.5,99.1,83.2,102.2,20.8
2583,124.6,98.8,83.6,102.3,20.8
2584,125.8,99.7,83.8,103.1,21.2
2585,124.1,99.0,84.0,102.4,20.2
2586,123.1,97.7,82.7,101.2,20.4
2587,124.0,98.6,83.5,102.0,20.4
2588,125.5,97.7,83.7,102.3,21.2
2589,122.3,98.1,84.4,101.6,19.2
2590,122.5,98.0,84.2,101.6,19.4
2591,124.5,96.1,84.5,101.7,20.6
2592,123.1,98.0,83.3,101.5,20.2
2593,121.9,96.7,83.8,100.8,19.4
2594,123.1,95.8,83.1,100.6,20.4
2595,121.0,96.8,84.3,100.7,18.7
2596,121.9,95.0,83.5,100.1,19.7
2597,124.1,95.5,84.6,101.4,20.4
2598,122.5,94.7,,108.6,19.7
2599,122.9,97.2,,110.0,18.1
2600,122.1,94.5,,108.3,19.5
2601,120.4,93.4,,106.9,19.1
2602,123.3,94.9,,109.1,20.1
2603,119.9,94.5,,107.2,18.0
2604,120.2,92.3,,106.3,19.7
2605,121.7,94.4,,108.1,19.4
2606,119.7,92.2,,106.0,19.4
2607,120.6,91.1,,105.8,20.9
2608,122.2,93.3,,107.7,20.5
2609,120.7,91.5,,106.1,20.6
2610,119.3,90.7,,105.0,20.2
2611,119.6,90.6,,105.1,20.5
2612,121.3,90.6,,106.0,21.7
2613,119.3,90.7,,105.0,20.3
2614,119.6,90.4,,105.0,20.7
2615,119.4,89.6,,104.5,21.1
2616,121.2,90.5,,105.8,21.7
2617,120.3,88.5,,104.4,22.5
2618,120.8,89.5,,105.1,22.1
2619,119.2,88.7,,104.0,21.6
2620,119.8,89.7,,104.8,21.3
2621,119.5,89.3,,104.4,21.4
2622,118.3,89.2,,103.8,20.6
2623,120.1,89.2,,104.6,21.9
2624,119.6,89.0,,104.3,21.7
2625,118.9,89.8,,104.3,20.5
2626,117.8,89.4,,103.6,20.0
2627,118.0,88.1,,103.1,21.1
2628,119.6,88.0,,103.8,22.3
2629,119.7,90.5,,105.1,20.6
2630,119.1,89.3,,104.2,21.1
2631,118.7,89.1,,103.9,20.9
2632,119.9,88.6,,104.3,22.2
2633,118.4,89.4,,103.9,20.5
2634,118.5,90.5,,104.5,19.8
2635,116.3,89.1,,102.7,19.2
2636,117.8,87.4,,102.6,21.5
2637,118.2,87.3,,102.8,21.9
2638,116.9,87.8,,102.4,20.6
2639,116.7,89.0,,102.9,19.6
2640,116.8,89.0,,102.9,19.6
2641,115.9,90.6,,103.3,17.9
2642,115.9,87.7,,101.8,19.9
2643,115.8,88.6,,102.2,19.3
2644,115.7,87.9,,101.8,19.7
2645,116.0,87.9,,101.9,19.9
2646,114.6,89.8,,102.2,17.5
2647,114.6,89.3,,102.0,17.9
2648,112.1,89.5,,100.8,16.0
2649,111.9,86.9,,99.4,17.7
2650,113.9,87.3,,100.6,18.9
2651,113.2,87.6,,100.4,18.1
2652,112.7,87.3,,100.0,18.0
2653,111.4,88.3,,99.8,16.3
2654,113.1,87.2,,100.1,18.3
2655,111.6,87.7,,99.6,16.9
2656,111.5,86.5,,99.0,17.7
2657,112.8,86.1,,99.4,18.9
2658,111.4,86.1,,98.7,17.9
2659,110.4,86.9,,98.6,16.6
2660,111.2,85.3,,98.3,18.3
2661,110.5,85.7,,98.1,17.5
2662,113.4,85.8,,99.6,19.5
2663,110.1,85.8,,97.9,17.2
2664,109.0,85.7,,97.3,16.5
2665,111.7,85.4,,98.6,18.6
2666,109.9,84.9,,97.4,17.6
2667,110.7,85.0,,97.8,18.1
2668,108.4,84.6,,96.5,16.8
2669,108.7,84.7,,96.7,17.0
2670,110.7,84.3,,97.5,18.7
2671,108.3,84.3,,96.3,17.0
2672,109.1,84.6,,96.9,17.4
2673,109.4,85.8,,97.6,16.7
2674,107.7,84.4,,96.0,16.5
2675,107.1,85.5,,96.3,15.3
2676,108.5,86.0,,97.2,16.0
2677,108.0,84.0,,96.0,17.0
2678,108.5,84.2,,96.3,17.2
2679,106.6,86.0,,96.3,14.6
2680,108.7,85.9,,97.3,16.2
2681,109.5,84.8,,97.2,17.5
2682,106.9,84.6,,95.8,15.8
2683,105.2,85.0,,95.1,14.3
2684,107.2,84.8,,96.0,15.9
2685,105.2,85.5,,95.4,14.0
2686,107.2,84.4,,95.8,16.2
2687,107.5,85.3,,96.4,15.7
2688,106.4,85.0,,95.7,15.1
2689,106.4,83.8,,95.1,16.0
2690,107.2,85.0,,96.1,15.7
2691,105.3,83.9,,94.6,15.2
2692,105.5,85.4,,95.5,14.2
2693,106.6,84.4,,95.5,15.7
2694,105.1,85.3,,95.2,14.0
2695,106.0,85.2,,95.6,14.7
2696,105.2,85.0,,95.1,14.3
2697,105.4,84.2,,94.8,15.0
2698,104.7,83.1,,93.9,15.3
2699,104.8,84.5,,94.7,14.4
2700,103.6,85.1,,94.3,13.1
2701,104.1,86.0,,95.1,12.8
2702,102.7,84.2,,93.4,13.1
2703,102.7,85.2,,93.9,12.4
2704,101.8,84.0,,92.9,12.6
2705,102.1,84.2,,93.2,12.6
2706,103.4,84.5,,94.0,13.4
2707,101.9,83.4,,92.7,13.0
2708,102.9,84.2,,93.6,13.2
2709,101.5,84.0,,92.8,12.4
2710,100.5,85.2,,92.8,10.8
2711,100.8,85.4,,93.1,10.9
2712,100.5,83.3,,91.9,12.2
2713,101.0,84.0,,92.5,12.0
2714,101.4,84.7,,93.0,11.8
2715,102.0,82.1,,92.1,14.0
2716,100.5,82.3,,91.4,12.9
2717,100.6,82.3,,91.5,13.0
2718,99.4,84.5,,92.0,10.6
2719,101.0,84.2,,92.6,11.8
2720,101.2,82.5,,91.8,13.3
2721,100.4,83.0,,91.7,12.3
2722,98.7,82.5,,90.6,11.4
2723,100.7,82.7,,91.7,12.7
2724,99.7,81.8,,90.8,12.7
2725,98.9,83.6,,91.2,10.9
2726,98.8,83.2,,91.0,11.0
2727,98.1,82.1,,90.1,11.3
2728,99.9,83.1,,91.5,11.9
2729,99.6,82.8,,91.2,11.9
2730,100.9,82.6,,91.8,13.0
2731,97.8,82.6,,90.2,10.8
2732,99.7,81.6,,90.6,12.8
2733,98.5,83.0,,90.7,11.0
2734,98.5,81.9,,90.2,11.8
2735,99.2,81.7,,90.5,12.3
2736,97.8,82.3,,90.0,11.0
2737,98.1,81.8,,90.0,11.6
2738,97.7,82.7,,90.2,10.6
2739,98.1,81.6,,89.9,11.6
2740,99.0,80.4,,89.7,13.2
2741,97.0,82.5,,89.8,10.3
2742,98.2,82.7,,90.4,10.9
2743,97.7,82.6,,90.1,10.6
2744,96.4,82.4,,89.4,9.9
2745,98.5,82.8,,90.7,11.0
2746,96.7,82.2,,89.5,10.3
2747,97.3,82.4,,89.9,10.5
2748,96.8,81.8,,89.3,10.6
2749,95.5,81.1,,88.3,10.2
2750,96.5,82.5,,89.5,9.9
2751,98.0,83.3,,90.7,10.4
2752,96.0,82.6,,89.3,9.5
2753,97.6,81.4,,89.5,11.5
2754,95.9,82.7,,89.3,9.3
2755,96.3,81.9,,89.1,10.2
2756,97.2,82.1,,89.6,10.7
2757,95.6,81.5,,88.5,10.0
2758,97.8,82.9,,90.3,10.5
2759,95.4,82.9,,89.2,8.8
2760,94.3,83.2,,88.8,7.8
2761,95.8,82.0,,88.9,9.8
2762,95.5,83.7,,89.6,8.4
2763,95.5,82.5,,89.0,9.2
2764,96.0,83.9,,90.0,8.6
2765,96.9,82.0,,89.5,10.5
2766,95.8,82.0,,88.9,9.7
2767,94.7,81.9,,88.3,9.1
2768,94.2,82.1,,88.1,8.6
2769,93.5,82.7,,88.1,7.6
2770,94.7,83.6,,89.1,7.9
2771,94.7,80.4,,87.5,10.2
2772,95.9,81.5,,88.7,10.1
2773,93.3,81.7,,87.5,8.2
2774,94.9,81.8,,88.4,9.3
2775,95.2,81.9,,88.5,9.4
2776,95.6,81.2,,88.4,10.2
2777,94.0,84.3,,89.2,6.8
2778,92.4,83.0,,87.7,6.6
2779,93.7,81.2,,87.5,8.9
2780,93.5,81.8,,87.6,8.3
2781,92.8,82.0,,87.4,7.7
2782,92.6,81.3,,87.0,7.9
2783,92.8,82.4,,87.6,7.4
2784,93.9,81.1,,87.5,9.0
2785,92.7,81.4,,87.1,8.0
2786,93.8,82.1,,87.9,8.2
2787,93.2,81.9,,87.6,8.0
2788,91.8,81.4,,86.6,7.4
2789,91.6,82.5,,87.1,6.5
2790,92.8,82.2,,87.5,7.5
2791,92.4,82.0,,87.2,7.4
2792,92.2,81.9,,87.0,7.3
2793,94.1,81.3,,87.7,9.1
2794,92.2,82.9,,87.6,6.6
2795,92.3,81.3,,86.8,7.8
2796,93.5,81.9,,87.7,8.2
2797,91.4,82.1,,86.7,6.6
2798,92.5,82.2,,87.4,7.2
2799,91.3,82.2,,86.8,6.4
2800,93.2,82.3,,87.8,7.7
2801,92.4,82.8,,87.6,6.8
2802,93.7,82.9,,88.3,7.6
2803,90.1,83.1,,86.6,4.9
2804,92.2,81.4,,86.8,7.6
2805,91.9,82.6,,87.2,6.6
2806,90.4,81.6,,86.0,6.2
2807,92.4,83.4,,87.9,6.4
2808,91.6,83.5,,87.5,5.7
2809,91.6,81.4,,86.5,7.2
2810,89.7,82.9,,86.3,4.8
2811,91.7,82.9,,87.3,6.2
2812,90.4,82.3,,86.3,5.7
2813,91.1,82.4,,86.7,6.2
2814,89.9,82.1,,86.0,5.6
2815,89.8,82.3,,86.0,5.3
2816,90.9,82.4,,86.7,6.0
2817,90.5,84.1,,87.3,4.5
2818,89.3,82.6,,86.0,4.7
2819,89.4,82.5,,85.9,4.9
2820,89.4,83.1,,86.3,4.4
2821,89.0,83.0,,86.0,4.3
2822,90.3,83.4,,86.9,4.9
2823,90.2,,,90.2,
2824,89.2,,,89.2,
2825,88.6,,,88.6,
2826,88.4,,,88.4,
2827,88.1,,,88.1,
2828,88.2,,,88.2,
2829,87.2,,,87.2,
2830,87.2,,,87.2,
2831,87.8,,,87.8,
2832,86.3,,,86.3,
2833,87.8,,,87.8,
2834,87.2,,,87.2,
2835,86.5,,,86.5,
2836,87.7,,,87.7,
2837,87.8,,,87.8,
2838,86.7,,,86.7,
2839,85.9,,,85.9,
2840,87.5,,,87.5,
2841,87.4,,,87.4,
2842,87.4,,,87.4,
2843,86.5,,,86.5,
2844,87.5,,,87.5,
2845,87.4,,,87.4,
2846,86.8,,,86.8,
2847,87.4,,,87.4,
2848,86.1,,,86.1,
2849,87.1,,,87.1,
2850,86.7,,,86.7,
2851,86.9,,,86.9,
2852,85.9,,,85.9,
2853,86.7,,,86.7,
2854,87.2,,,87.2,
2855,86.1,,,86.1,
2856,85.7,,,85.7,
2857,85.6,,,85.6,
2858,86.8,,,86.8,
2859,85.5,,,85.5,
2860,86.1,,,86.1,
2861,86.0,,,86.0,
2862,87.2,,,87.2,
2863,85.2,,,85.2,
2864,85.3,,,85.3,
2865,86.1,,,86.1,
